-- phpMyAdmin SQL Dump
-- version 4.0.4
-- http://www.phpmyadmin.net
--
-- Host: localhost
-- Generation Time: Apr 05, 2016 at 03:47 PM
-- Server version: 5.6.12-log
-- PHP Version: 5.4.12

SET SQL_MODE = "NO_AUTO_VALUE_ON_ZERO";
SET time_zone = "+00:00";


/*!40101 SET @OLD_CHARACTER_SET_CLIENT=@@CHARACTER_SET_CLIENT */;
/*!40101 SET @OLD_CHARACTER_SET_RESULTS=@@CHARACTER_SET_RESULTS */;
/*!40101 SET @OLD_COLLATION_CONNECTION=@@COLLATION_CONNECTION */;
/*!40101 SET NAMES utf8 */;

--
-- Database: `hostel_demo`
--
CREATE DATABASE IF NOT EXISTS `hostel_demo` DEFAULT CHARACTER SET utf8 COLLATE utf8_general_ci;
USE `hostel_demo`;

-- --------------------------------------------------------

--
-- Table structure for table `authoritydet`
--

CREATE TABLE IF NOT EXISTS `authoritydet` (
  `AuthorityID` varchar(15) NOT NULL,
  `FirstName` varchar(25) NOT NULL,
  `MiddleName` varchar(25) NOT NULL,
  `LastName` varchar(25) NOT NULL,
  `Post` varchar(25) NOT NULL,
  `Level` int(2) NOT NULL,
  `EmailID` varchar(50) NOT NULL,
  `PhoneNo` varchar(10) NOT NULL,
  PRIMARY KEY (`AuthorityID`)
) ENGINE=InnoDB DEFAULT CHARSET=utf8;

--
-- Dumping data for table `authoritydet`
--

INSERT INTO `authoritydet` (`AuthorityID`, `FirstName`, `MiddleName`, `LastName`, `Post`, `Level`, `EmailID`, `PhoneNo`) VALUES
('1', 'Vikas', 'B', 'Nikam', 'Warden', 1, 'vbn@vjti.org.in', '12345678'),
('10', 'Jay', 'Kartik', 'Doshi', 'qwerty', 1, 'a@a.com', '7998465'),
('101', '', '', 'Vora', 'gatekeeper', 2, '', ''),
('11', 'w', 'ee', 'q', '11', 2, '1avv.com', '4454546545'),
('123', 'Jay', 'Kartik', 'Doshi', 'cm', 3, 'jaydoshi95@outlook.com', '0961943299'),
('2', 'Mohan', 'Laxman', 'Chandra', 'Cleaner', 1, 'mohan@gmail.com', '12246578'),
('3', 'Mohan', 'Laxman', 'Chandra', 'Cleaner', 1, 'mohan@gmail.com', '12246578'),
('4', 'Mohan', 'Laxman', 'Chandra', 'Cleaner', 1, 'mohan@gmail.com', '12246578'),
('5', 'Mohan', 'Laxman', 'Chandra', 'Cleaner', 1, 'mohan@gmail.com', '12246578'),
('6', 'Mohan', 'Laxman', 'Chandra', 'Cleaner', 1, 'mohan@gmail.com', '12246578'),
('99', 'murli', 'juhi', 'd', 'gatekeeper', 2, 'jaydoshi95@outlook.com', '23455');

-- --------------------------------------------------------

--
-- Table structure for table `blocka`
--

CREATE TABLE IF NOT EXISTS `blocka` (
  `RoomNo` int(11) NOT NULL,
  `Block` int(11) NOT NULL DEFAULT '1',
  `Number` int(11) NOT NULL DEFAULT '0' COMMENT 'Number of students in the room',
  PRIMARY KEY (`RoomNo`)
) ENGINE=InnoDB DEFAULT CHARSET=utf8;

--
-- Dumping data for table `blocka`
--

INSERT INTO `blocka` (`RoomNo`, `Block`, `Number`) VALUES
(2, 1, 0),
(3, 1, 0),
(4, 1, 0),
(5, 1, 0),
(6, 1, 0),
(7, 1, 0),
(8, 1, 0),
(9, 1, 0),
(10, 1, 0),
(11, 1, 0),
(12, 1, 0),
(13, 1, 0),
(14, 1, 0),
(15, 1, 0),
(16, 1, 0),
(17, 1, 0),
(18, 1, 0),
(19, 1, 0),
(20, 1, 0),
(21, 1, 0),
(22, 1, 0),
(23, 1, 0),
(24, 1, 0),
(25, 1, 0),
(26, 1, 0),
(27, 1, 0),
(28, 1, 0),
(29, 1, 0),
(30, 1, 0),
(31, 1, 0),
(32, 1, 0),
(33, 1, 0),
(34, 1, 0),
(35, 1, 0),
(36, 1, 0),
(37, 1, 0),
(38, 1, 0),
(39, 1, 0),
(40, 1, 0),
(41, 1, 0),
(42, 1, 0),
(43, 1, 0),
(44, 1, 0),
(45, 1, 0),
(46, 1, 0),
(47, 1, 0),
(48, 1, 0),
(49, 1, 0),
(50, 1, 0),
(51, 1, 0),
(52, 1, 0),
(53, 1, 0),
(54, 1, 0),
(55, 1, 0),
(56, 1, 0),
(57, 1, 0),
(58, 1, 0),
(59, 1, 0),
(60, 1, 0),
(61, 1, 0),
(62, 1, 0),
(63, 1, 0),
(64, 1, 0);

-- --------------------------------------------------------

--
-- Table structure for table `blockb`
--

CREATE TABLE IF NOT EXISTS `blockb` (
  `Block` int(11) NOT NULL DEFAULT '2',
  `RoomNo` int(11) NOT NULL,
  `Number` int(11) NOT NULL DEFAULT '0' COMMENT 'Number of students in the room',
  PRIMARY KEY (`RoomNo`)
) ENGINE=InnoDB DEFAULT CHARSET=utf8;

--
-- Dumping data for table `blockb`
--

INSERT INTO `blockb` (`Block`, `RoomNo`, `Number`) VALUES
(2, 2, 0),
(2, 3, 0),
(2, 4, 0),
(2, 5, 0),
(2, 6, 0),
(2, 7, 0),
(2, 8, 0),
(2, 9, 0),
(2, 10, 0),
(2, 11, 0),
(2, 12, 0),
(2, 13, 0),
(2, 14, 0),
(2, 15, 0),
(2, 16, 0),
(2, 17, 0),
(2, 18, 0),
(2, 19, 0),
(2, 20, 0),
(2, 21, 0),
(2, 22, 0),
(2, 23, 0),
(2, 24, 0),
(2, 25, 0),
(2, 26, 0),
(2, 27, 0),
(2, 28, 0),
(2, 29, 0),
(2, 30, 0),
(2, 31, 0),
(2, 32, 0),
(2, 33, 0),
(2, 34, 0),
(2, 35, 0),
(2, 36, 0),
(2, 37, 0),
(2, 38, 0),
(2, 39, 0),
(2, 40, 0),
(2, 41, 0),
(2, 42, 0),
(2, 43, 0),
(2, 44, 0),
(2, 45, 0),
(2, 46, 0),
(2, 47, 0),
(2, 48, 0),
(2, 49, 0),
(2, 50, 0),
(2, 51, 0),
(2, 52, 0),
(2, 53, 0),
(2, 54, 0),
(2, 55, 0),
(2, 56, 0),
(2, 57, 0),
(2, 58, 0),
(2, 59, 0),
(2, 60, 0),
(2, 61, 0),
(2, 62, 0),
(2, 63, 0),
(2, 64, 0);

-- --------------------------------------------------------

--
-- Table structure for table `blockc`
--

CREATE TABLE IF NOT EXISTS `blockc` (
  `RoomNo` int(11) NOT NULL,
  `Number` int(11) NOT NULL DEFAULT '0' COMMENT 'Number of students in the room',
  PRIMARY KEY (`RoomNo`)
) ENGINE=InnoDB DEFAULT CHARSET=utf8;

--
-- Dumping data for table `blockc`
--

INSERT INTO `blockc` (`RoomNo`, `Number`) VALUES
(2, 0),
(3, 1),
(4, 0),
(5, 0),
(6, 0),
(7, 0),
(8, 0),
(9, 0),
(10, 1),
(11, 0),
(12, 0),
(13, 0),
(14, 0),
(15, 0),
(16, 0),
(17, 0),
(18, 0),
(19, 0),
(20, 0),
(21, 0),
(22, 0),
(23, 0),
(24, 0),
(25, 0),
(26, 0),
(27, 0),
(28, 0),
(29, 0),
(30, 0),
(31, 1),
(32, 0),
(33, 0),
(34, 0),
(35, 0),
(36, 0),
(37, 0),
(38, 0),
(39, 0),
(40, 0),
(41, 3),
(42, 3),
(43, 1),
(44, 1),
(45, 1),
(46, 0),
(47, 0),
(48, 0),
(49, 0),
(50, 0),
(51, 0),
(52, 0),
(53, 0),
(54, 2),
(55, 0),
(56, 0),
(57, 1),
(58, 1),
(59, 2),
(60, 1),
(61, 2),
(62, 0),
(63, 0),
(64, 0);

-- --------------------------------------------------------

--
-- Table structure for table `blockd`
--

CREATE TABLE IF NOT EXISTS `blockd` (
  `RoomNo` int(11) NOT NULL,
  `Number` int(11) NOT NULL DEFAULT '0' COMMENT 'Number of students in the room',
  PRIMARY KEY (`RoomNo`)
) ENGINE=InnoDB DEFAULT CHARSET=utf8;

--
-- Dumping data for table `blockd`
--

INSERT INTO `blockd` (`RoomNo`, `Number`) VALUES
(2, 0),
(3, 0),
(4, 0),
(5, 0),
(6, 0),
(7, 0),
(8, 0),
(9, 0),
(10, 0),
(11, 0),
(12, 0),
(13, 0),
(14, 0),
(15, 0),
(16, 0),
(17, 0),
(18, 0),
(19, 0),
(20, 0),
(21, 0),
(22, 0),
(23, 0),
(24, 0),
(25, 0),
(26, 0),
(27, 0),
(28, 0),
(29, 0),
(30, 0),
(31, 0),
(32, 0),
(33, 0),
(34, 0),
(35, 0),
(36, 0),
(37, 0),
(38, 0),
(39, 0),
(40, 0),
(41, 0),
(42, 0),
(43, 0),
(44, 0),
(45, 0),
(46, 0),
(47, 0),
(48, 0),
(49, 0),
(50, 0),
(51, 0),
(52, 0),
(53, 0),
(54, 0),
(55, 0),
(56, 0),
(57, 0),
(58, 0),
(59, 0),
(60, 0),
(61, 0),
(62, 0),
(63, 0),
(64, 0);

-- --------------------------------------------------------

--
-- Table structure for table `comments`
--

CREATE TABLE IF NOT EXISTS `comments` (
  `CommentID` int(11) NOT NULL AUTO_INCREMENT,
  `RegistrationID` varchar(15) NOT NULL,
  `Comment` text NOT NULL,
  `Date` varchar(10) NOT NULL,
  `Time` varchar(20) NOT NULL,
  `CommentType` varchar(255) CHARACTER SET latin1 NOT NULL,
  `ResolvedBy` varchar(22) CHARACTER SET latin1 DEFAULT NULL,
  `Status` varchar(22) CHARACTER SET latin1 NOT NULL DEFAULT 'Pending',
  `RoomNumber` varchar(22) NOT NULL,
  `VerifiedDate` date DEFAULT NULL,
  `ResolvedDate` date DEFAULT NULL,
  PRIMARY KEY (`CommentID`)
) ENGINE=InnoDB  DEFAULT CHARSET=utf8 AUTO_INCREMENT=8 ;

--
-- Dumping data for table `comments`
--

INSERT INTO `comments` (`CommentID`, `RegistrationID`, `Comment`, `Date`, `Time`, `CommentType`, `ResolvedBy`, `Status`, `RoomNumber`, `VerifiedDate`, `ResolvedDate`) VALUES
(1, '131080050', 'hjkhk', '2015-04-08', '05:43:06pm', 'Plumbing', '', 'Resolved', '', '0000-00-00', '0000-00-00'),
(2, '131080050', 'dddd', '2015-04-08', '06:15:43pm', 'Carpentry', '131080050', 'Resolved', '', '0000-00-00', '0000-00-00'),
(3, '131080050', 'scssfsddfd', '2015-04-08', '06:19:09pm', 'Other', '', 'Resolved', '', '0000-00-00', '0000-00-00'),
(4, '131080050', 'very bad', '2015-04-13', '12:27:45am', 'Carpentry', '', 'Resolved', '', '0000-00-00', '0000-00-00'),
(5, '131080050', 'Not done very well', '2015-04-13', '11:43:55am', 'Carpentry', '131080050', 'Resolved', '', '0000-00-00', '0000-00-00'),
(6, '131080050', 'Water unavailable', '2015-04-13', '11:51:01am', 'Plumbing', '', 'Resolved', '', '0000-00-00', '0000-00-00'),
(7, '131080050', 'Bulb not working', '2015-04-13', '12:34:34pm', 'Electricial', '131080050', 'Resolved', '', '0000-00-00', '0000-00-00');

-- --------------------------------------------------------

--
-- Table structure for table `contactus`
--

CREATE TABLE IF NOT EXISTS `contactus` (
  `Srno` int(11) NOT NULL AUTO_INCREMENT,
  `Date` date NOT NULL,
  `Time` time NOT NULL,
  `Name` varchar(25) NOT NULL,
  `Message` text NOT NULL,
  `Subject` varchar(255) NOT NULL,
  `Email` text NOT NULL,
  `Flag` int(11) NOT NULL DEFAULT '0' COMMENT '0 = Unread ,1= Read ',
  PRIMARY KEY (`Srno`)
) ENGINE=InnoDB  DEFAULT CHARSET=utf8 AUTO_INCREMENT=6 ;

--
-- Dumping data for table `contactus`
--

INSERT INTO `contactus` (`Srno`, `Date`, `Time`, `Name`, `Message`, `Subject`, `Email`, `Flag`) VALUES
(1, '2015-05-02', '02:07:54', 'juhi', 'is alot.', 'hello', 'sd@gmail.com', 0),
(2, '2015-05-02', '02:08:52', 'Jay Doshi', 'When will the admission process begin!!!', 'enquiry', 'jaydoshi95@outlook.com', 0),
(3, '2015-05-02', '02:09:16', 'Jay Doshi', 'When will the admission process begin!!!', 'enquiry', 'jaydoshi95@outlook.com', 1),
(4, '2015-05-02', '02:11:15', 'jay doshi', 'Please specify the dates in which we can pay!!', 'enquire about hostel', 'jaydoshi95@outlook.com', 0),
(5, '2015-05-02', '02:12:49', 'Siya Doshi', 'shrllo admon !!!!', 'jay doshi ', 'jaydoshi95@outlook.com', 0);

-- --------------------------------------------------------

--
-- Table structure for table `documentdet`
--

CREATE TABLE IF NOT EXISTS `documentdet` (
  `RegistrationID` varchar(10) NOT NULL,
  `AuthorityID` varchar(15) DEFAULT NULL,
  `Photo` text NOT NULL,
  `AddressProofType` text NOT NULL,
  `AddressProof` text NOT NULL,
  `FeeReceipt` text NOT NULL,
  `AdmitCard` text NOT NULL,
  `Status` int(1) NOT NULL DEFAULT '0',
  PRIMARY KEY (`RegistrationID`)
) ENGINE=InnoDB DEFAULT CHARSET=utf8;

--
-- Dumping data for table `documentdet`
--

INSERT INTO `documentdet` (`RegistrationID`, `AuthorityID`, `Photo`, `AddressProofType`, `AddressProof`, `FeeReceipt`, `AdmitCard`, `Status`) VALUES
('111080001', NULL, 'images/photo/photo_111080001.jpg', 'Gas Bill', 'images/addressproof/addressproof_111080001.jpg', 'images/feereceipt/feereceipt_111080001.jpg', 'images/admitcard/admitcard_111080001.jpg', 0),
('111080002', NULL, 'images/photo/photo_111080002.jpg', 'Gas Bill', 'images/addressproof/addressproof_111080002.jpg', '', 'images/admitcard/admitcard_111080002.jpg', 0),
('111080003', NULL, 'images/photo/photo_111080003.jpg', 'Gas Bill', 'images/addressproof/addressproof_111080003.jpg', '', 'images/admitcard/admitcard_111080003.jpg', 0),
('111080004', NULL, 'images/photo/photo_111080004.jpg', 'Gas Bill', 'images/addressproof/addressproof_111080004.jpg', '', 'images/admitcard/admitcard_111080004.jpg', 0),
('111080005', NULL, 'images/photo/photo_111080005.jpg', 'Gas Bill', 'images/addressproof/addressproof_111080005.jpg', '', 'images/admitcard/admitcard_111080005.jpg', 0),
('111080006', NULL, 'images/photo/photo_111080006.jpg', 'Gas Bill', 'images/addressproof/addressproof_111080006.jpg', '', 'images/admitcard/admitcard_111080006.jpg', 0),
('111080007', NULL, 'images/photo/photo_111080007.jpg', 'Gas Bill', 'images/addressproof/addressproof_111080007.jpg', '', 'images/admitcard/admitcard_111080007.jpg', 0),
('111080008', NULL, 'images/photo/photo_111080008.jpg', 'Gas Bill', 'images/addressproof/addressproof_111080008.jpg', '', 'images/admitcard/admitcard_111080008.jpg', 0),
('111080009', NULL, 'images/photo/photo_111080009.jpg', 'Gas Bill', 'images/addressproof/addressproof_111080009.jpg', '', 'images/admitcard/admitcard_111080009.jpg', 0),
('111080010', NULL, 'images/photo/photo_111080010.jpg', 'Gas Bill', 'images/addressproof/addressproof_111080010.jpg', '', 'images/admitcard/admitcard_111080010.jpg', 0),
('111080011', NULL, 'images/photo/photo_111080011.jpg', 'Gas Bill', 'images/addressproof/addressproof_111080011.jpg', '', 'images/admitcard/admitcard_111080011.jpg', 0),
('111080012', NULL, 'images/photo/photo_111080012.jpg', 'Gas Bill', 'images/addressproof/addressproof_111080012.jpg', '', 'images/admitcard/admitcard_111080012.jpg', 0),
('111080013', NULL, 'images/photo/photo_111080013.jpg', 'Gas Bill', 'images/addressproof/addressproof_111080013.jpg', '', 'images/admitcard/admitcard_111080013.jpg', 0),
('111080014', NULL, 'images/photo/photo_111080014.jpg', 'Gas Bill', 'images/addressproof/addressproof_111080014.jpg', '', 'images/admitcard/admitcard_111080014.jpg', 0),
('111080015', NULL, 'images/photo/photo_111080015.jpg', 'Gas Bill', 'images/addressproof/addressproof_111080015.jpg', '', 'images/admitcard/admitcard_111080015.jpg', 0),
('111080016', NULL, 'images/photo/photo_111080016.jpg', 'Gas Bill', 'images/addressproof/addressproof_111080016.jpg', '', 'images/admitcard/admitcard_111080016.jpg', 0),
('111080017', NULL, 'images/photo/photo_111080017.jpg', 'Gas Bill', 'images/addressproof/addressproof_111080017.jpg', '', 'images/admitcard/admitcard_111080017.jpg', 0),
('111080018', NULL, 'images/photo/photo_111080018.jpg', 'Gas Bill', 'images/addressproof/addressproof_111080018.jpg', '', 'images/admitcard/admitcard_111080018.jpg', 0),
('111080019', NULL, 'images/photo/photo_111080019.jpg', 'Gas Bill', 'images/addressproof/addressproof_111080019.jpg', '', 'images/admitcard/admitcard_111080019.jpg', 0),
('111080020', NULL, 'images/photo/photo_111080020.jpg', 'Gas Bill', 'images/addressproof/addressproof_111080020.jpg', '', 'images/admitcard/admitcard_111080020.jpg', 0),
('111080021', NULL, 'images/photo/photo_111080021.jpg', 'Gas Bill', 'images/addressproof/addressproof_111080021.jpg', '', 'images/admitcard/admitcard_111080021.jpg', 0),
('111080022', NULL, 'images/photo/photo_111080022.jpg', 'Gas Bill', 'images/addressproof/addressproof_111080022.jpg', '', 'images/admitcard/admitcard_111080022.jpg', 0),
('111080023', NULL, 'images/photo/photo_111080023.jpg', 'Gas Bill', 'images/addressproof/addressproof_111080023.jpg', '', 'images/admitcard/admitcard_111080023.jpg', 0),
('111080024', NULL, 'images/photo/photo_111080024.jpg', 'Gas Bill', 'images/addressproof/addressproof_111080024.jpg', '', 'images/admitcard/admitcard_111080024.jpg', 0),
('111080025', NULL, 'images/photo/photo_111080025.jpg', 'Gas Bill', 'images/addressproof/addressproof_111080025.jpg', '', 'images/admitcard/admitcard_111080025.jpg', 0),
('111080026', NULL, 'images/photo/photo_111080026.jpg', 'Gas Bill', 'images/addressproof/addressproof_111080026.jpg', '', 'images/admitcard/admitcard_111080026.jpg', 0),
('111080027', NULL, 'images/photo/photo_111080027.jpg', 'Gas Bill', 'images/addressproof/addressproof_111080027.jpg', '', 'images/admitcard/admitcard_111080027.jpg', 0),
('111080028', NULL, 'images/photo/photo_111080028.jpg', 'Gas Bill', 'images/addressproof/addressproof_111080028.jpg', '', 'images/admitcard/admitcard_111080028.jpg', 0),
('111080029', NULL, 'images/photo/photo_111080029.jpg', 'Gas Bill', 'images/addressproof/addressproof_111080029.jpg', '', 'images/admitcard/admitcard_111080029.jpg', 0),
('111080030', NULL, 'images/photo/photo_111080030.jpg', 'Gas Bill', 'images/addressproof/addressproof_111080030.jpg', '', 'images/admitcard/admitcard_111080030.jpg', 0),
('111080031', NULL, 'images/photo/photo_111080031.jpg', 'Gas Bill', 'images/addressproof/addressproof_111080031.jpg', '', 'images/admitcard/admitcard_111080031.jpg', 0),
('111080032', NULL, 'images/photo/photo_111080032.jpg', 'Gas Bill', 'images/addressproof/addressproof_111080032.jpg', '', 'images/admitcard/admitcard_111080032.jpg', 0),
('111080033', NULL, 'images/photo/photo_111080033.jpg', 'Gas Bill', 'images/addressproof/addressproof_111080033.jpg', '', 'images/admitcard/admitcard_111080033.jpg', 0),
('111080034', NULL, 'images/photo/photo_111080034.jpg', 'Gas Bill', 'images/addressproof/addressproof_111080034.jpg', '', 'images/admitcard/admitcard_111080034.jpg', 0),
('111080035', NULL, 'images/photo/photo_111080035.jpg', 'Gas Bill', 'images/addressproof/addressproof_111080035.jpg', '', 'images/admitcard/admitcard_111080035.jpg', 0),
('111080036', NULL, 'images/photo/photo_111080036.jpg', 'Gas Bill', 'images/addressproof/addressproof_111080036.jpg', '', 'images/admitcard/admitcard_111080036.jpg', 0),
('111080037', NULL, 'images/photo/photo_111080037.jpg', 'Gas Bill', 'images/addressproof/addressproof_111080037.jpg', '', 'images/admitcard/admitcard_111080037.jpg', 0),
('111080038', NULL, 'images/photo/photo_111080038.jpg', 'Gas Bill', 'images/addressproof/addressproof_111080038.jpg', '', 'images/admitcard/admitcard_111080038.jpg', 0),
('111080039', NULL, 'images/photo/photo_111080039.jpg', 'Passport', 'images/addressproof/addressproof_111080039.jpg', '', 'images/admitcard/admitcard_111080039.jpg', 0),
('111080040', NULL, 'images/photo/photo_111080040.jpg', 'Passport', 'images/addressproof/addressproof_111080040.jpg', '', 'images/admitcard/admitcard_111080040.jpg', 0),
('111080041', NULL, 'images/photo/photo_111080041.jpg', 'Passport', 'images/addressproof/addressproof_111080041.jpg', '', 'images/admitcard/admitcard_111080041.jpg', 0),
('111080042', NULL, 'images/photo/photo_111080042.jpg', 'Passport', 'images/addressproof/addressproof_111080042.jpg', '', 'images/admitcard/admitcard_111080042.jpg', 0),
('111080043', NULL, 'images/photo/photo_111080043.jpg', 'Passport', 'images/addressproof/addressproof_111080043.jpg', '', 'images/admitcard/admitcard_111080043.jpg', 0),
('111080044', NULL, 'images/photo/photo_111080044.jpg', 'Passport', 'images/addressproof/addressproof_111080044.jpg', '', 'images/admitcard/admitcard_111080044.jpg', 0),
('111080045', NULL, 'images/photo/photo_111080045.jpg', 'Passport', 'images/addressproof/addressproof_111080045.jpg', '', 'images/admitcard/admitcard_111080045.jpg', 0),
('111080046', NULL, 'images/photo/photo_111080046.jpg', 'Passport', 'images/addressproof/addressproof_111080046.jpg', '', 'images/admitcard/admitcard_111080046.jpg', 0),
('111080047', NULL, 'images/photo/photo_111080047.jpg', 'Passport', 'images/addressproof/addressproof_111080047.jpg', '', 'images/admitcard/admitcard_111080047.jpg', 0),
('111080048', NULL, 'images/photo/photo_111080048.jpg', 'Passport', 'images/addressproof/addressproof_111080048.jpg', '', 'images/admitcard/admitcard_111080048.jpg', 0),
('111080049', NULL, 'images/photo/photo_111080049.jpg', 'Passport', 'images/addressproof/addressproof_111080049.jpg', '', 'images/admitcard/admitcard_111080049.jpg', 0),
('111080050', NULL, 'images/photo/photo_111080050.jpg', 'Passport', 'images/addressproof/addressproof_111080050.jpg', '', 'images/admitcard/admitcard_111080050.jpg', 0),
('111080051', NULL, 'images/photo/photo_111080051.jpg', 'Passport', 'images/addressproof/addressproof_111080051.jpg', '', 'images/admitcard/admitcard_111080051.jpg', 0),
('111080052', NULL, 'images/photo/photo_111080052.jpg', 'Passport', 'images/addressproof/addressproof_111080052.jpg', '', 'images/admitcard/admitcard_111080052.jpg', 0),
('111080053', NULL, 'images/photo/photo_111080053.jpg', 'Passport', 'images/addressproof/addressproof_111080053.jpg', '', 'images/admitcard/admitcard_111080053.jpg', 0),
('111080054', NULL, 'images/photo/photo_111080054.jpg', 'Passport', 'images/addressproof/addressproof_111080054.jpg', '', 'images/admitcard/admitcard_111080054.jpg', 0),
('111080055', NULL, 'images/photo/photo_111080055.jpg', 'Passport', 'images/addressproof/addressproof_111080055.jpg', '', 'images/admitcard/admitcard_111080055.jpg', 0),
('111080056', NULL, 'images/photo/photo_111080056.jpg', 'Passport', 'images/addressproof/addressproof_111080056.jpg', '', 'images/admitcard/admitcard_111080056.jpg', 0),
('111080057', NULL, 'images/photo/photo_111080057.jpg', 'Passport', 'images/addressproof/addressproof_111080057.jpg', '', 'images/admitcard/admitcard_111080057.jpg', 0),
('111080058', NULL, 'images/photo/photo_111080058.jpg', 'Passport', 'images/addressproof/addressproof_111080058.jpg', '', 'images/admitcard/admitcard_111080058.jpg', 0),
('111080059', NULL, 'images/photo/photo_111080059.jpg', 'Passport', 'images/addressproof/addressproof_111080059.jpg', '', 'images/admitcard/admitcard_111080059.jpg', 0),
('111080060', NULL, 'images/photo/photo_111080060.jpg', 'Passport', 'images/addressproof/addressproof_111080060.jpg', '', 'images/admitcard/admitcard_111080060.jpg', 0),
('111080061', NULL, 'images/photo/photo_111080061.jpg', 'Passport', 'images/addressproof/addressproof_111080061.jpg', '', 'images/admitcard/admitcard_111080061.jpg', 0),
('111080062', NULL, 'images/photo/photo_111080062.jpg', 'Passport', 'images/addressproof/addressproof_111080062.jpg', '', 'images/admitcard/admitcard_111080062.jpg', 0),
('111080063', NULL, 'images/photo/photo_111080063.jpg', 'Passport', 'images/addressproof/addressproof_111080063.jpg', '', 'images/admitcard/admitcard_111080063.jpg', 0),
('111080064', NULL, 'images/photo/photo_111080064.jpg', 'Passport', 'images/addressproof/addressproof_111080064.jpg', '', 'images/admitcard/admitcard_111080064.jpg', 0),
('111080065', NULL, 'images/photo/photo_111080065.jpg', 'Passport', 'images/addressproof/addressproof_111080065.jpg', '', 'images/admitcard/admitcard_111080065.jpg', 0),
('111080066', NULL, 'images/photo/photo_111080066.jpg', 'Passport', 'images/addressproof/addressproof_111080066.jpg', '', 'images/admitcard/admitcard_111080066.jpg', 0),
('111080067', NULL, 'images/photo/photo_111080067.jpg', 'Passport', 'images/addressproof/addressproof_111080067.jpg', '', 'images/admitcard/admitcard_111080067.jpg', 0),
('111080068', NULL, 'images/photo/photo_111080068.jpg', 'Passport', 'images/addressproof/addressproof_111080068.jpg', '', 'images/admitcard/admitcard_111080068.jpg', 0),
('111080069', NULL, 'images/photo/photo_111080069.jpg', 'Passport', 'images/addressproof/addressproof_111080069.jpg', '', 'images/admitcard/admitcard_111080069.jpg', 0),
('111080070', NULL, 'images/photo/photo_111080070.jpg', 'Gas Bill', 'images/addressproof/addressproof_111080070.jpg', '', 'images/admitcard/admitcard_111080070.jpg', 0),
('111080071', NULL, 'images/photo/photo_111080071.jpg', 'Driving License', 'images/addressproof/addressproof_111080071.jpg', '', 'images/admitcard/admitcard_111080071.jpg', 0),
('111080072', NULL, 'images/photo/photo_111080072.jpg', 'Driving License', 'images/addressproof/addressproof_111080072.jpg', '', 'images/admitcard/admitcard_111080072.jpg', 0),
('111080073', NULL, 'images/photo/photo_111080073.jpg', 'Driving License', 'images/addressproof/addressproof_111080073.jpg', '', 'images/admitcard/admitcard_111080073.jpg', 0),
('111080074', NULL, 'images/photo/photo_111080074.jpg', 'Driving License', 'images/addressproof/addressproof_111080074.jpg', '', 'images/admitcard/admitcard_111080074.jpg', 0),
('111080075', NULL, 'images/photo/photo_111080075.jpg', 'Driving License', 'images/addressproof/addressproof_111080075.jpg', '', 'images/admitcard/admitcard_111080075.jpg', 0),
('111080076', NULL, 'images/photo/photo_111080076.jpg', 'Driving License', 'images/addressproof/addressproof_111080076.jpg', '', 'images/admitcard/admitcard_111080076.jpg', 0),
('111080077', NULL, 'images/photo/photo_111080077.jpg', 'Driving License', 'images/addressproof/addressproof_111080077.jpg', '', 'images/admitcard/admitcard_111080077.jpg', 0),
('111080078', NULL, 'images/photo/photo_111080078.jpg', 'Driving License', 'images/addressproof/addressproof_111080078.jpg', '', 'images/admitcard/admitcard_111080078.jpg', 0),
('111080079', NULL, 'images/photo/photo_111080079.jpg', 'Driving License', 'images/addressproof/addressproof_111080079.jpg', '', 'images/admitcard/admitcard_111080079.jpg', 0),
('111080080', NULL, 'images/photo/photo_111080080.jpg', 'Driving License', 'images/addressproof/addressproof_111080080.jpg', '', 'images/admitcard/admitcard_111080080.jpg', 0),
('111080081', NULL, 'images/photo/photo_111080081.jpg', 'Driving License', 'images/addressproof/addressproof_111080081.jpg', '', 'images/admitcard/admitcard_111080081.jpg', 0),
('111080082', NULL, 'images/photo/photo_111080082.jpg', 'Driving License', 'images/addressproof/addressproof_111080082.jpg', '', 'images/admitcard/admitcard_111080082.jpg', 0),
('111080083', NULL, 'images/photo/photo_111080083.jpg', 'Gas Bill', 'images/addressproof/addressproof_111080083.jpg', '', 'images/admitcard/admitcard_111080083.jpg', 0),
('111080084', NULL, 'images/photo/photo_111080084.jpg', 'Gas Bill', 'images/addressproof/addressproof_111080084.jpg', '', 'images/admitcard/admitcard_111080084.jpg', 0),
('111080085', NULL, 'images/photo/photo_111080085.jpg', 'Gas Bill', 'images/addressproof/addressproof_111080085.jpg', '', 'images/admitcard/admitcard_111080085.jpg', 0),
('111080086', NULL, 'images/photo/photo_111080086.jpg', 'Gas Bill', 'images/addressproof/addressproof_111080086.jpg', '', 'images/admitcard/admitcard_111080086.jpg', 0),
('111080087', NULL, 'images/photo/photo_111080087.jpg', 'Gas Bill', 'images/addressproof/addressproof_111080087.jpg', '', 'images/admitcard/admitcard_111080087.jpg', 0),
('111080088', NULL, 'images/photo/photo_111080088.jpg', 'Gas Bill', 'images/addressproof/addressproof_111080088.jpg', '', 'images/admitcard/admitcard_111080088.jpg', 0),
('111080089', NULL, 'images/photo/photo_111080089.jpg', 'Gas Bill', 'images/addressproof/addressproof_111080089.jpg', '', 'images/admitcard/admitcard_111080089.jpg', 0),
('111080090', NULL, 'images/photo/photo_111080090.jpg', 'Gas Bill', 'images/addressproof/addressproof_111080090.jpg', '', 'images/admitcard/admitcard_111080090.jpg', 0),
('111080091', NULL, 'images/photo/photo_111080091.jpg', 'Gas Bill', 'images/addressproof/addressproof_111080091.jpg', '', 'images/admitcard/admitcard_111080091.jpg', 0),
('111080092', NULL, 'images/photo/photo_111080092.jpg', 'Gas Bill', 'images/addressproof/addressproof_111080092.jpg', '', 'images/admitcard/admitcard_111080092.jpg', 0),
('111080093', NULL, 'images/photo/photo_111080093.jpg', 'Gas Bill', 'images/addressproof/addressproof_111080093.jpg', '', 'images/admitcard/admitcard_111080093.jpg', 0),
('111080094', NULL, 'images/photo/photo_111080094.jpg', 'Gas Bill', 'images/addressproof/addressproof_111080094.jpg', '', 'images/admitcard/admitcard_111080094.jpg', 0),
('111080095', NULL, 'images/photo/photo_111080095.jpg', 'Gas Bill', 'images/addressproof/addressproof_111080095.jpg', '', 'images/admitcard/admitcard_111080095.jpg', 0),
('111080096', NULL, 'images/photo/photo_111080096.jpg', 'Gas Bill', 'images/addressproof/addressproof_111080096.jpg', '', 'images/admitcard/admitcard_111080096.jpg', 0),
('111080097', NULL, 'images/photo/photo_111080097.jpg', 'Gas Bill', 'images/addressproof/addressproof_111080097.jpg', '', 'images/admitcard/admitcard_111080097.jpg', 0),
('111080098', NULL, 'images/photo/photo_111080098.jpg', 'Gas Bill', 'images/addressproof/addressproof_111080098.jpg', '', 'images/admitcard/admitcard_111080098.jpg', 0),
('111080099', NULL, 'images/photo/photo_111080099.jpg', 'Gas Bill', 'images/addressproof/addressproof_111080099.jpg', '', 'images/admitcard/admitcard_111080099.jpg', 0),
('111080100', NULL, 'images/photo/photo_111080100.jpg', 'Gas Bill', 'images/addressproof/addressproof_111080100.jpg', '', 'images/admitcard/admitcard_111080100.jpg', 0),
('111080101', NULL, 'images/photo/photo_111080101.jpg', 'Gas Bill', 'images/addressproof/addressproof_111080101.jpg', '', 'images/admitcard/admitcard_111080101.jpg', 0),
('111080102', NULL, 'images/photo/photo_111080102.jpg', 'Gas Bill', 'images/addressproof/addressproof_111080102.jpg', '', 'images/admitcard/admitcard_111080102.jpg', 0),
('111080103', NULL, 'images/photo/photo_111080103.jpg', 'Gas Bill', 'images/addressproof/addressproof_111080103.jpg', '', 'images/admitcard/admitcard_111080103.jpg', 0),
('111080104', NULL, 'images/photo/photo_111080104.jpg', 'Gas Bill', 'images/addressproof/addressproof_111080104.jpg', '', 'images/admitcard/admitcard_111080104.jpg', 0),
('111080105', NULL, 'images/photo/photo_111080105.jpg', 'Gas Bill', 'images/addressproof/addressproof_111080105.jpg', '', 'images/admitcard/admitcard_111080105.jpg', 0),
('111080106', NULL, 'images/photo/photo_111080106.jpg', 'Gas Bill', 'images/addressproof/addressproof_111080106.jpg', '', 'images/admitcard/admitcard_111080106.jpg', 0),
('111080107', NULL, 'images/photo/photo_111080107.jpg', 'Gas Bill', 'images/addressproof/addressproof_111080107.jpg', '', 'images/admitcard/admitcard_111080107.jpg', 0),
('111080108', NULL, 'images/photo/photo_111080108.jpg', 'Gas Bill', 'images/addressproof/addressproof_111080108.jpg', '', 'images/admitcard/admitcard_111080108.jpg', 0),
('111080109', NULL, 'images/photo/photo_111080109.jpg', 'Gas Bill', 'images/addressproof/addressproof_111080109.jpg', '', 'images/admitcard/admitcard_111080109.jpg', 0),
('111080110', NULL, 'images/photo/photo_111080110.jpg', 'Aadhar Card', 'images/addressproof/addressproof_111080110.jpg', '', 'images/admitcard/admitcard_111080110.jpg', 0),
('111080111', NULL, 'images/photo/photo_111080111.jpg', 'Aadhar Card', 'images/addressproof/addressproof_111080111.jpg', '', 'images/admitcard/admitcard_111080111.jpg', 0),
('111080112', NULL, 'images/photo/photo_111080112.jpg', 'Aadhar Card', 'images/addressproof/addressproof_111080112.jpg', '', 'images/admitcard/admitcard_111080112.jpg', 0),
('111080113', NULL, 'images/photo/photo_111080113.jpg', 'Aadhar Card', 'images/addressproof/addressproof_111080113.jpg', '', 'images/admitcard/admitcard_111080113.jpg', 0),
('111080114', NULL, 'images/photo/photo_111080114.jpg', 'Aadhar Card', 'images/addressproof/addressproof_111080114.jpg', '', 'images/admitcard/admitcard_111080114.jpg', 0),
('111080115', NULL, 'images/photo/photo_111080115.jpg', 'Aadhar Card', 'images/addressproof/addressproof_111080115.jpg', '', 'images/admitcard/admitcard_111080115.jpg', 0),
('111080116', NULL, 'images/photo/photo_111080116.jpg', 'Aadhar Card', 'images/addressproof/addressproof_111080116.jpg', '', 'images/admitcard/admitcard_111080116.jpg', 0),
('111080117', NULL, 'images/photo/photo_111080117.jpg', 'Aadhar Card', 'images/addressproof/addressproof_111080117.jpg', '', 'images/admitcard/admitcard_111080117.jpg', 0),
('111080118', NULL, 'images/photo/photo_111080118.jpg', 'Aadhar Card', 'images/addressproof/addressproof_111080118.jpg', '', 'images/admitcard/admitcard_111080118.jpg', 0),
('111080119', NULL, 'images/photo/photo_111080119.jpg', 'Aadhar Card', 'images/addressproof/addressproof_111080119.jpg', '', 'images/admitcard/admitcard_111080119.jpg', 0),
('111080120', NULL, 'images/photo/photo_111080120.jpg', 'Aadhar Card', 'images/addressproof/addressproof_111080120.jpg', '', 'images/admitcard/admitcard_111080120.jpg', 0),
('111080121', NULL, 'images/photo/photo_111080121.jpg', 'Aadhar Card', 'images/addressproof/addressproof_111080121.jpg', '', 'images/admitcard/admitcard_111080121.jpg', 0),
('111080122', NULL, 'images/photo/photo_111080122.jpg', 'Aadhar Card', 'images/addressproof/addressproof_111080122.jpg', '', 'images/admitcard/admitcard_111080122.jpg', 0),
('111080123', NULL, 'images/photo/photo_111080123.jpg', 'Aadhar Card', 'images/addressproof/addressproof_111080123.jpg', '', 'images/admitcard/admitcard_111080123.jpg', 0),
('111080124', NULL, 'images/photo/photo_111080124.jpg', 'Bank Statement', 'images/addressproof/addressproof_111080124.jpg', '', 'images/admitcard/admitcard_111080124.jpg', 0),
('111080125', NULL, 'images/photo/photo_111080125.jpg', 'Bank Statement', 'images/addressproof/addressproof_111080125.jpg', '', 'images/admitcard/admitcard_111080125.jpg', 0),
('111080126', NULL, 'images/photo/photo_111080126.jpg', 'Bank Statement', 'images/addressproof/addressproof_111080126.jpg', '', 'images/admitcard/admitcard_111080126.jpg', 0),
('111080127', NULL, 'images/photo/photo_111080127.jpg', 'Bank Statement', 'images/addressproof/addressproof_111080127.jpg', '', 'images/admitcard/admitcard_111080127.jpg', 0),
('111080128', NULL, 'images/photo/photo_111080128.jpg', 'Bank Statement', 'images/addressproof/addressproof_111080128.jpg', '', 'images/admitcard/admitcard_111080128.jpg', 0),
('111080129', NULL, 'images/photo/photo_111080129.jpg', 'Bank Statement', 'images/addressproof/addressproof_111080129.jpg', '', 'images/admitcard/admitcard_111080129.jpg', 0),
('111080130', NULL, 'images/photo/photo_111080130.jpg', 'Bank Statement', 'images/addressproof/addressproof_111080130.jpg', '', 'images/admitcard/admitcard_111080130.jpg', 0),
('111080131', NULL, 'images/photo/photo_111080131.jpg', 'Bank Statement', 'images/addressproof/addressproof_111080131.jpg', '', 'images/admitcard/admitcard_111080131.jpg', 0),
('111080132', NULL, 'images/photo/photo_111080132.jpg', 'Bank Statement', 'images/addressproof/addressproof_111080132.jpg', '', 'images/admitcard/admitcard_111080132.jpg', 0),
('121080001', NULL, 'images/photo/photo_121080001.jpg', 'Telephone Bill', 'images/addressproof/addressproof_121080001.jpg', '', 'images/admitcard/admitcard_121080001.jpg', 0),
('121080002', NULL, 'images/photo/photo_121080002.jpg', 'Telephone Bill', 'images/addressproof/addressproof_121080002.jpg', '', 'images/admitcard/admitcard_121080002.jpg', 0),
('121080003', NULL, 'images/photo/photo_121080003.jpg', 'Gas Bill', 'images/addressproof/addressproof_121080003.jpg', '', 'images/admitcard/admitcard_121080003.jpg', 0),
('121080004', NULL, 'images/photo/photo_121080004.jpg', 'Gas Bill', 'images/addressproof/addressproof_121080004.jpg', '', 'images/admitcard/admitcard_121080004.jpg', 0),
('121080005', NULL, 'images/photo/photo_121080005.jpg', 'Gas Bill', 'images/addressproof/addressproof_121080005.jpg', '', 'images/admitcard/admitcard_121080005.jpg', 0),
('121080006', NULL, 'images/photo/photo_121080006.jpg', 'Gas Bill', 'images/addressproof/addressproof_121080006.jpg', '', 'images/admitcard/admitcard_121080006.jpg', 0),
('121080007', NULL, 'images/photo/photo_121080007.jpg', 'Gas Bill', 'images/addressproof/addressproof_121080007.jpg', '', 'images/admitcard/admitcard_121080007.jpg', 0),
('121080008', NULL, 'images/photo/photo_121080008.jpg', 'Gas Bill', 'images/addressproof/addressproof_121080008.jpg', '', 'images/admitcard/admitcard_121080008.jpg', 0),
('121080009', NULL, 'images/photo/photo_121080009.jpg', 'Gas Bill', 'images/addressproof/addressproof_121080009.jpg', '', 'images/admitcard/admitcard_121080009.jpg', 0),
('121080010', NULL, 'images/photo/photo_121080010.jpg', 'Gas Bill', 'images/addressproof/addressproof_121080010.jpg', '', 'images/admitcard/admitcard_121080010.jpg', 0),
('121080011', NULL, 'images/photo/photo_121080011.jpg', 'Gas Bill', 'images/addressproof/addressproof_121080011.jpg', '', 'images/admitcard/admitcard_121080011.jpg', 0),
('121080012', NULL, 'images/photo/photo_121080012.jpg', 'Gas Bill', 'images/addressproof/addressproof_121080012.jpg', '', 'images/admitcard/admitcard_121080012.jpg', 0),
('121080013', NULL, 'images/photo/photo_121080013.jpg', 'Gas Bill', 'images/addressproof/addressproof_121080013.jpg', '', 'images/admitcard/admitcard_121080013.jpg', 0),
('121080014', NULL, 'images/photo/photo_121080014.jpg', 'Gas Bill', 'images/addressproof/addressproof_121080014.jpg', '', 'images/admitcard/admitcard_121080014.jpg', 0),
('121080015', NULL, 'images/photo/photo_121080015.jpg', 'Gas Bill', 'images/addressproof/addressproof_121080015.jpg', '', 'images/admitcard/admitcard_121080015.jpg', 0),
('121080016', NULL, 'images/photo/photo_121080016.jpg', 'Gas Bill', 'images/addressproof/addressproof_121080016.jpg', '', 'images/admitcard/admitcard_121080016.jpg', 0),
('121080017', NULL, 'images/photo/photo_121080017.jpg', 'Gas Bill', 'images/addressproof/addressproof_121080017.jpg', '', 'images/admitcard/admitcard_121080017.jpg', 0),
('121080018', NULL, 'images/photo/photo_121080018.jpg', 'Gas Bill', 'images/addressproof/addressproof_121080018.jpg', '', 'images/admitcard/admitcard_121080018.jpg', 0),
('121080019', NULL, 'images/photo/photo_121080019.jpg', 'Gas Bill', 'images/addressproof/addressproof_121080019.jpg', '', 'images/admitcard/admitcard_121080019.jpg', 0),
('121080020', NULL, 'images/photo/photo_121080020.jpg', 'Gas Bill', 'images/addressproof/addressproof_121080020.jpg', '', 'images/admitcard/admitcard_121080020.jpg', 0),
('121080021', NULL, 'images/photo/photo_121080021.jpg', 'Gas Bill', 'images/addressproof/addressproof_121080021.jpg', '', 'images/admitcard/admitcard_121080021.jpg', 0),
('121080022', NULL, 'images/photo/photo_121080022.jpg', 'Gas Bill', 'images/addressproof/addressproof_121080022.jpg', '', 'images/admitcard/admitcard_121080022.jpg', 0),
('121080023', NULL, 'images/photo/photo_121080023.jpg', 'Gas Bill', 'images/addressproof/addressproof_121080023.jpg', '', 'images/admitcard/admitcard_121080023.jpg', 0),
('121080024', NULL, 'images/photo/photo_121080024.jpg', 'Gas Bill', 'images/addressproof/addressproof_121080024.jpg', '', 'images/admitcard/admitcard_121080024.jpg', 0),
('121080025', NULL, 'images/photo/photo_121080025.jpg', 'Gas Bill', 'images/addressproof/addressproof_121080025.jpg', '', 'images/admitcard/admitcard_121080025.jpg', 0),
('121080026', NULL, 'images/photo/photo_121080026.jpg', 'Gas Bill', 'images/addressproof/addressproof_121080026.jpg', '', 'images/admitcard/admitcard_121080026.jpg', 0),
('121080027', NULL, 'images/photo/photo_121080027.jpg', 'Gas Bill', 'images/addressproof/addressproof_121080027.jpg', '', 'images/admitcard/admitcard_121080027.jpg', 0),
('121080028', NULL, 'images/photo/photo_121080028.jpg', 'Gas Bill', 'images/addressproof/addressproof_121080028.jpg', '', 'images/admitcard/admitcard_121080028.jpg', 0),
('121080029', NULL, 'images/photo/photo_121080029.jpg', 'Gas Bill', 'images/addressproof/addressproof_121080029.jpg', '', 'images/admitcard/admitcard_121080029.jpg', 0),
('121080030', NULL, 'images/photo/photo_121080030.jpg', 'Gas Bill', 'images/addressproof/addressproof_121080030.jpg', '', 'images/admitcard/admitcard_121080030.jpg', 0),
('121080031', NULL, 'images/photo/photo_121080031.jpg', 'Gas Bill', 'images/addressproof/addressproof_121080031.jpg', '', 'images/admitcard/admitcard_121080031.jpg', 0),
('121080032', NULL, 'images/photo/photo_121080032.jpg', 'Gas Bill', 'images/addressproof/addressproof_121080032.jpg', '', 'images/admitcard/admitcard_121080032.jpg', 0),
('121080033', NULL, 'images/photo/photo_121080033.jpg', 'Gas Bill', 'images/addressproof/addressproof_121080033.jpg', '', 'images/admitcard/admitcard_121080033.jpg', 0),
('121080034', NULL, 'images/photo/photo_121080034.jpg', 'Gas Bill', 'images/addressproof/addressproof_121080034.jpg', '', 'images/admitcard/admitcard_121080034.jpg', 0),
('121080035', NULL, 'images/photo/photo_121080035.jpg', 'Gas Bill', 'images/addressproof/addressproof_121080035.jpg', '', 'images/admitcard/admitcard_121080035.jpg', 0),
('121080036', NULL, 'images/photo/photo_121080036.jpg', 'Gas Bill', 'images/addressproof/addressproof_121080036.jpg', '', 'images/admitcard/admitcard_121080036.jpg', 0),
('121080037', NULL, 'images/photo/photo_121080037.jpg', 'Gas Bill', 'images/addressproof/addressproof_121080037.jpg', '', 'images/admitcard/admitcard_121080037.jpg', 0),
('121080038', NULL, 'images/photo/photo_121080038.jpg', 'Gas Bill', 'images/addressproof/addressproof_121080038.jpg', '', 'images/admitcard/admitcard_121080038.jpg', 0),
('121080039', NULL, 'images/photo/photo_121080039.jpg', 'Gas Bill', 'images/addressproof/addressproof_121080039.jpg', '', 'images/admitcard/admitcard_121080039.jpg', 0),
('121080040', NULL, 'images/photo/photo_121080040.jpg', 'Gas Bill', 'images/addressproof/addressproof_121080040.jpg', '', 'images/admitcard/admitcard_121080040.jpg', 0),
('121080041', NULL, 'images/photo/photo_121080041.jpg', 'Gas Bill', 'images/addressproof/addressproof_121080041.jpg', '', 'images/admitcard/admitcard_121080041.jpg', 0),
('121080042', NULL, 'images/photo/photo_121080042.jpg', 'Gas Bill', 'images/addressproof/addressproof_121080042.jpg', '', 'images/admitcard/admitcard_121080042.jpg', 0),
('121080043', NULL, 'images/photo/photo_121080043.jpg', 'Gas Bill', 'images/addressproof/addressproof_121080043.jpg', '', 'images/admitcard/admitcard_121080043.jpg', 0),
('121080044', NULL, 'images/photo/photo_121080044.jpg', 'Gas Bill', 'images/addressproof/addressproof_121080044.jpg', '', 'images/admitcard/admitcard_121080044.jpg', 0),
('121080045', NULL, 'images/photo/photo_121080045.jpg', 'Gas Bill', 'images/addressproof/addressproof_121080045.jpg', '', 'images/admitcard/admitcard_121080045.jpg', 0),
('121080046', NULL, 'images/photo/photo_121080046.jpg', 'Gas Bill', 'images/addressproof/addressproof_121080046.jpg', '', 'images/admitcard/admitcard_121080046.jpg', 0),
('121080047', NULL, 'images/photo/photo_121080047.jpg', 'Gas Bill', 'images/addressproof/addressproof_121080047.jpg', '', 'images/admitcard/admitcard_121080047.jpg', 0),
('121080048', NULL, 'images/photo/photo_121080048.jpg', 'Gas Bill', 'images/addressproof/addressproof_121080048.jpg', '', 'images/admitcard/admitcard_121080048.jpg', 0),
('121080049', NULL, 'images/photo/photo_121080049.jpg', 'Gas Bill', 'images/addressproof/addressproof_121080049.jpg', '', 'images/admitcard/admitcard_121080049.jpg', 0),
('121080050', NULL, 'images/photo/photo_121080050.jpg', 'Gas Bill', 'images/addressproof/addressproof_121080050.jpg', '', 'images/admitcard/admitcard_121080050.jpg', 0),
('121080051', NULL, 'images/photo/photo_121080051.jpg', 'Gas Bill', 'images/addressproof/addressproof_121080051.jpg', '', 'images/admitcard/admitcard_121080051.jpg', 0),
('121080052', NULL, 'images/photo/photo_121080052.jpg', 'Gas Bill', 'images/addressproof/addressproof_121080052.jpg', '', 'images/admitcard/admitcard_121080052.jpg', 0),
('121080053', NULL, 'images/photo/photo_121080053.jpg', 'Gas Bill', 'images/addressproof/addressproof_121080053.jpg', '', 'images/admitcard/admitcard_121080053.jpg', 0),
('121080054', NULL, 'images/photo/photo_121080054.jpg', 'Gas Bill', 'images/addressproof/addressproof_121080054.jpg', '', 'images/admitcard/admitcard_121080054.jpg', 0),
('121080055', NULL, 'images/photo/photo_121080055.jpg', 'Gas Bill', 'images/addressproof/addressproof_121080055.jpg', '', 'images/admitcard/admitcard_121080055.jpg', 0),
('121080056', NULL, 'images/photo/photo_121080056.jpg', 'Gas Bill', 'images/addressproof/addressproof_121080056.jpg', '', 'images/admitcard/admitcard_121080056.jpg', 0),
('121080057', NULL, 'images/photo/photo_121080057.jpg', 'Gas Bill', 'images/addressproof/addressproof_121080057.jpg', '', 'images/admitcard/admitcard_121080057.jpg', 0),
('121080058', NULL, 'images/photo/photo_121080058.jpg', 'Gas Bill', 'images/addressproof/addressproof_121080058.jpg', '', 'images/admitcard/admitcard_121080058.jpg', 0),
('121080059', NULL, 'images/photo/photo_121080059.jpg', 'Gas Bill', 'images/addressproof/addressproof_121080059.jpg', '', 'images/admitcard/admitcard_121080059.jpg', 0),
('121080060', NULL, 'images/photo/photo_121080060.jpg', 'Gas Bill', 'images/addressproof/addressproof_121080060.jpg', '', 'images/admitcard/admitcard_121080060.jpg', 0),
('121080061', NULL, 'images/photo/photo_121080061.jpg', 'Gas Bill', 'images/addressproof/addressproof_121080061.jpg', '', 'images/admitcard/admitcard_121080061.jpg', 0),
('121080062', NULL, 'images/photo/photo_121080062.jpg', 'Gas Bill', 'images/addressproof/addressproof_121080062.jpg', '', 'images/admitcard/admitcard_121080062.jpg', 0),
('121080063', NULL, 'images/photo/photo_121080063.jpg', 'Gas Bill', 'images/addressproof/addressproof_121080063.jpg', '', 'images/admitcard/admitcard_121080063.jpg', 0),
('121080064', NULL, 'images/photo/photo_121080064.jpg', 'Gas Bill', 'images/addressproof/addressproof_121080064.jpg', '', 'images/admitcard/admitcard_121080064.jpg', 0),
('121080065', NULL, 'images/photo/photo_121080065.jpg', 'Gas Bill', 'images/addressproof/addressproof_121080065.jpg', '', 'images/admitcard/admitcard_121080065.jpg', 0),
('121080066', NULL, 'images/photo/photo_121080066.jpg', 'Gas Bill', 'images/addressproof/addressproof_121080066.jpg', '', 'images/admitcard/admitcard_121080066.jpg', 0),
('121080067', NULL, 'images/photo/photo_121080067.jpg', 'Gas Bill', 'images/addressproof/addressproof_121080067.jpg', '', 'images/admitcard/admitcard_121080067.jpg', 0),
('121080068', NULL, 'images/photo/photo_121080068.jpg', 'Gas Bill', 'images/addressproof/addressproof_121080068.jpg', '', 'images/admitcard/admitcard_121080068.jpg', 0),
('121080069', NULL, 'images/photo/photo_121080069.jpg', 'Gas Bill', 'images/addressproof/addressproof_121080069.jpg', '', 'images/admitcard/admitcard_121080069.jpg', 0),
('121080070', NULL, 'images/photo/photo_121080070.jpg', 'Gas Bill', 'images/addressproof/addressproof_121080070.jpg', '', 'images/admitcard/admitcard_121080070.jpg', 0),
('121080071', NULL, 'images/photo/photo_121080071.jpg', 'Gas Bill', 'images/addressproof/addressproof_121080071.jpg', '', 'images/admitcard/admitcard_121080071.jpg', 0),
('121080072', NULL, 'images/photo/photo_121080072.jpg', 'Gas Bill', 'images/addressproof/addressproof_121080072.jpg', '', 'images/admitcard/admitcard_121080072.jpg', 0),
('121080073', NULL, 'images/photo/photo_121080073.jpg', 'Gas Bill', 'images/addressproof/addressproof_121080073.jpg', '', 'images/admitcard/admitcard_121080073.jpg', 0),
('121080074', NULL, 'images/photo/photo_121080074.jpg', 'Gas Bill', 'images/addressproof/addressproof_121080074.jpg', '', 'images/admitcard/admitcard_121080074.jpg', 0),
('121080075', NULL, 'images/photo/photo_121080075.jpg', 'Gas Bill', 'images/addressproof/addressproof_121080075.jpg', '', 'images/admitcard/admitcard_121080075.jpg', 0),
('121080076', NULL, 'images/photo/photo_121080076.jpg', 'Gas Bill', 'images/addressproof/addressproof_121080076.jpg', '', 'images/admitcard/admitcard_121080076.jpg', 0),
('121080077', NULL, 'images/photo/photo_121080077.jpg', 'Gas Bill', 'images/addressproof/addressproof_121080077.jpg', '', 'images/admitcard/admitcard_121080077.jpg', 0),
('121080078', NULL, 'images/photo/photo_121080078.jpg', 'Gas Bill', 'images/addressproof/addressproof_121080078.jpg', '', 'images/admitcard/admitcard_121080078.jpg', 0),
('121080079', NULL, 'images/photo/photo_121080079.jpg', 'Gas Bill', 'images/addressproof/addressproof_121080079.jpg', '', 'images/admitcard/admitcard_121080079.jpg', 0),
('121080080', NULL, 'images/photo/photo_121080080.jpg', 'Gas Bill', 'images/addressproof/addressproof_121080080.jpg', '', 'images/admitcard/admitcard_121080080.jpg', 0),
('121080081', NULL, 'images/photo/photo_121080081.jpg', 'Gas Bill', 'images/addressproof/addressproof_121080081.jpg', '', 'images/admitcard/admitcard_121080081.jpg', 0),
('121080082', NULL, 'images/photo/photo_121080082.jpg', 'Gas Bill', 'images/addressproof/addressproof_121080082.jpg', '', 'images/admitcard/admitcard_121080082.jpg', 0),
('121080083', NULL, 'images/photo/photo_121080083.jpg', 'Gas Bill', 'images/addressproof/addressproof_121080083.jpg', '', 'images/admitcard/admitcard_121080083.jpg', 0),
('121080084', NULL, 'images/photo/photo_121080084.jpg', 'Gas Bill', 'images/addressproof/addressproof_121080084.jpg', '', 'images/admitcard/admitcard_121080084.jpg', 0),
('121080085', NULL, 'images/photo/photo_121080085.jpg', 'Gas Bill', 'images/addressproof/addressproof_121080085.jpg', '', 'images/admitcard/admitcard_121080085.jpg', 0),
('121080086', NULL, 'images/photo/photo_121080086.jpg', 'Gas Bill', 'images/addressproof/addressproof_121080086.jpg', '', 'images/admitcard/admitcard_121080086.jpg', 0),
('121080087', NULL, 'images/photo/photo_121080087.jpg', 'Gas Bill', 'images/addressproof/addressproof_121080087.jpg', '', 'images/admitcard/admitcard_121080087.jpg', 0),
('121080088', NULL, 'images/photo/photo_121080088.jpg', 'Gas Bill', 'images/addressproof/addressproof_121080088.jpg', '', 'images/admitcard/admitcard_121080088.jpg', 0),
('121080089', NULL, 'images/photo/photo_121080089.jpg', 'Gas Bill', 'images/addressproof/addressproof_121080089.jpg', '', 'images/admitcard/admitcard_121080089.jpg', 0),
('121080090', NULL, 'images/photo/photo_121080090.jpg', 'Passport', 'images/addressproof/addressproof_121080090.jpg', '', 'images/admitcard/admitcard_121080090.jpg', 0),
('121080091', NULL, 'images/photo/photo_121080091.jpg', 'Passport', 'images/addressproof/addressproof_121080091.jpg', '', 'images/admitcard/admitcard_121080091.jpg', 0),
('121080092', NULL, 'images/photo/photo_121080092.jpg', 'Passport', 'images/addressproof/addressproof_121080092.jpg', '', 'images/admitcard/admitcard_121080092.jpg', 0),
('121080093', NULL, 'images/photo/photo_121080093.jpg', 'Passport', 'images/addressproof/addressproof_121080093.jpg', '', 'images/admitcard/admitcard_121080093.jpg', 0),
('121080094', NULL, 'images/photo/photo_121080094.jpg', 'Passport', 'images/addressproof/addressproof_121080094.jpg', '', 'images/admitcard/admitcard_121080094.jpg', 0),
('121080095', NULL, 'images/photo/photo_121080095.jpg', 'Passport', 'images/addressproof/addressproof_121080095.jpg', '', 'images/admitcard/admitcard_121080095.jpg', 0),
('121080096', NULL, 'images/photo/photo_121080096.jpg', 'Passport', 'images/addressproof/addressproof_121080096.jpg', '', 'images/admitcard/admitcard_121080096.jpg', 0),
('121080097', NULL, 'images/photo/photo_121080097.jpg', 'Passport', 'images/addressproof/addressproof_121080097.jpg', '', 'images/admitcard/admitcard_121080097.jpg', 0),
('121080098', NULL, 'images/photo/photo_121080098.jpg', 'Passport', 'images/addressproof/addressproof_121080098.jpg', '', 'images/admitcard/admitcard_121080098.jpg', 0),
('121080099', NULL, 'images/photo/photo_121080099.jpg', 'Passport', 'images/addressproof/addressproof_121080099.jpg', '', 'images/admitcard/admitcard_121080099.jpg', 0),
('121080100', NULL, 'images/photo/photo_121080100.jpg', 'Passport', 'images/addressproof/addressproof_121080100.jpg', '', 'images/admitcard/admitcard_121080100.jpg', 0),
('121080101', NULL, 'images/photo/photo_121080101.jpg', 'Passport', 'images/addressproof/addressproof_121080101.jpg', '', 'images/admitcard/admitcard_121080101.jpg', 0),
('121080102', NULL, 'images/photo/photo_121080102.jpg', 'Passport', 'images/addressproof/addressproof_121080102.jpg', '', 'images/admitcard/admitcard_121080102.jpg', 0),
('121080103', NULL, 'images/photo/photo_121080103.jpg', 'Passport', 'images/addressproof/addressproof_121080103.jpg', '', 'images/admitcard/admitcard_121080103.jpg', 0),
('121080104', NULL, 'images/photo/photo_121080104.jpg', 'Passport', 'images/addressproof/addressproof_121080104.jpg', '', 'images/admitcard/admitcard_121080104.jpg', 0),
('121080105', NULL, 'images/photo/photo_121080105.jpg', 'Passport', 'images/addressproof/addressproof_121080105.jpg', '', 'images/admitcard/admitcard_121080105.jpg', 0),
('121080106', NULL, 'images/photo/photo_121080106.jpg', 'Passport', 'images/addressproof/addressproof_121080106.jpg', '', 'images/admitcard/admitcard_121080106.jpg', 0),
('121080107', NULL, 'images/photo/photo_121080107.jpg', 'Passport', 'images/addressproof/addressproof_121080107.jpg', '', 'images/admitcard/admitcard_121080107.jpg', 0),
('121080108', NULL, 'images/photo/photo_121080108.jpg', 'Passport', 'images/addressproof/addressproof_121080108.jpg', '', 'images/admitcard/admitcard_121080108.jpg', 0),
('121080109', NULL, 'images/photo/photo_121080109.jpg', 'Passport', 'images/addressproof/addressproof_121080109.jpg', '', 'images/admitcard/admitcard_121080109.jpg', 0),
('121080110', NULL, 'images/photo/photo_121080110.jpg', 'Passport', 'images/addressproof/addressproof_121080110.jpg', '', 'images/admitcard/admitcard_121080110.jpg', 0),
('121080111', NULL, 'images/photo/photo_121080111.jpg', 'Passport', 'images/addressproof/addressproof_121080111.jpg', '', 'images/admitcard/admitcard_121080111.jpg', 0),
('121080112', NULL, 'images/photo/photo_121080112.jpg', 'Passport', 'images/addressproof/addressproof_121080112.jpg', '', 'images/admitcard/admitcard_121080112.jpg', 0),
('121080113', NULL, 'images/photo/photo_121080113.jpg', 'Passport', 'images/addressproof/addressproof_121080113.jpg', '', 'images/admitcard/admitcard_121080113.jpg', 0),
('121080114', NULL, 'images/photo/photo_121080114.jpg', 'Passport', 'images/addressproof/addressproof_121080114.jpg', '', 'images/admitcard/admitcard_121080114.jpg', 0),
('121080115', NULL, 'images/photo/photo_121080115.jpg', 'Passport', 'images/addressproof/addressproof_121080115.jpg', '', 'images/admitcard/admitcard_121080115.jpg', 0),
('121080116', NULL, 'images/photo/photo_121080116.jpg', 'Passport', 'images/addressproof/addressproof_121080116.jpg', '', 'images/admitcard/admitcard_121080116.jpg', 0),
('121080117', NULL, 'images/photo/photo_121080117.jpg', 'Passport', 'images/addressproof/addressproof_121080117.jpg', '', 'images/admitcard/admitcard_121080117.jpg', 0),
('121080118', NULL, 'images/photo/photo_121080118.jpg', 'Passport', 'images/addressproof/addressproof_121080118.jpg', '', 'images/admitcard/admitcard_121080118.jpg', 0),
('121080119', NULL, 'images/photo/photo_121080119.jpg', 'Passport', 'images/addressproof/addressproof_121080119.jpg', '', 'images/admitcard/admitcard_121080119.jpg', 0),
('121080120', NULL, 'images/photo/photo_121080120.jpg', 'Passport', 'images/addressproof/addressproof_121080120.jpg', '', 'images/admitcard/admitcard_121080120.jpg', 0),
('121080121', NULL, 'images/photo/photo_121080121.jpg', 'Passport', 'images/addressproof/addressproof_121080121.jpg', '', 'images/admitcard/admitcard_121080121.jpg', 0),
('121080122', NULL, 'images/photo/photo_121080122.jpg', 'Passport', 'images/addressproof/addressproof_121080122.jpg', '', 'images/admitcard/admitcard_121080122.jpg', 0),
('121080123', NULL, 'images/photo/photo_121080123.jpg', 'Passport', 'images/addressproof/addressproof_121080123.jpg', '', 'images/admitcard/admitcard_121080123.jpg', 0),
('121080124', NULL, 'images/photo/photo_121080124.jpg', 'Driving License', 'images/addressproof/addressproof_121080124.jpg', '', 'images/admitcard/admitcard_121080124.jpg', 0),
('121080125', NULL, 'images/photo/photo_121080125.jpg', 'Driving License', 'images/addressproof/addressproof_121080125.jpg', '', 'images/admitcard/admitcard_121080125.jpg', 0),
('121080126', NULL, 'images/photo/photo_121080126.jpg', 'Driving License', 'images/addressproof/addressproof_121080126.jpg', '', 'images/admitcard/admitcard_121080126.jpg', 0),
('121080127', NULL, 'images/photo/photo_121080127.jpg', 'Driving License', 'images/addressproof/addressproof_121080127.jpg', '', 'images/admitcard/admitcard_121080127.jpg', 0),
('121080128', NULL, 'images/photo/photo_121080128.jpg', 'Driving License', 'images/addressproof/addressproof_121080128.jpg', '', 'images/admitcard/admitcard_121080128.jpg', 0),
('121080129', NULL, 'images/photo/photo_121080129.jpg', 'Gas Bill', 'images/addressproof/addressproof_121080129.jpg', '', 'images/admitcard/admitcard_121080129.jpg', 0),
('121080130', NULL, 'images/photo/photo_121080130.jpg', 'Aadhar Card', 'images/addressproof/addressproof_121080130.jpg', '', 'images/admitcard/admitcard_121080130.jpg', 0),
('121080131', NULL, 'images/photo/photo_121080131.jpg', 'Aadhar Card', 'images/addressproof/addressproof_121080131.jpg', '', 'images/admitcard/admitcard_121080131.jpg', 0),
('121080132', NULL, 'images/photo/photo_121080132.jpg', 'Aadhar Card', 'images/addressproof/addressproof_121080132.jpg', '', 'images/admitcard/admitcard_121080132.jpg', 0),
('121080133', NULL, 'images/photo/photo_121080133.jpg', 'Aadhar Card', 'images/addressproof/addressproof_121080133.jpg', '', 'images/admitcard/admitcard_121080133.jpg', 0),
('121080134', NULL, 'images/photo/photo_121080134.jpg', 'Bank Statement', 'images/addressproof/addressproof_121080134.jpg', '', 'images/admitcard/admitcard_121080134.jpg', 0),
('121080135', NULL, 'images/photo/photo_121080135.jpg', 'Bank Statement', 'images/addressproof/addressproof_121080135.jpg', '', 'images/admitcard/admitcard_121080135.jpg', 0),
('121080136', NULL, 'images/photo/photo_121080136.jpg', 'Bank Statement', 'images/addressproof/addressproof_121080136.jpg', '', 'images/admitcard/admitcard_121080136.jpg', 0),
('121080137', NULL, 'images/photo/photo_121080137.jpg', 'Bank Statement', 'images/addressproof/addressproof_121080137.jpg', '', 'images/admitcard/admitcard_121080137.jpg', 0),
('121080138', NULL, 'images/photo/photo_121080138.jpg', 'Bank Statement', 'images/addressproof/addressproof_121080138.jpg', '', 'images/admitcard/admitcard_121080138.jpg', 0),
('131080001', NULL, 'images/photo/photo_131080001.jpg', 'Telephone Bill', 'images/addressproof/addressproof_131080001.jpg', '', 'images/admitcard/admitcard_131080001.jpg', 0),
('131080002', NULL, 'images/photo/photo_131080002.jpg', 'Telephone Bill', 'images/addressproof/addressproof_131080002.jpg', '', 'images/admitcard/admitcard_131080002.jpg', 0),
('131080003', NULL, 'images/photo/photo_131080003.jpg', 'Telephone Bill', 'images/addressproof/addressproof_131080003.jpg', '', 'images/admitcard/admitcard_131080003.jpg', 0),
('131080004', NULL, 'images/photo/photo_131080004.jpg', 'Telephone Bill', 'images/addressproof/addressproof_131080004.jpg', '', 'images/admitcard/admitcard_131080004.jpg', 0),
('131080005', NULL, 'images/photo/photo_131080005.jpg', 'Telephone Bill', 'images/addressproof/addressproof_131080005.jpg', '', 'images/admitcard/admitcard_131080005.jpg', 0),
('131080006', NULL, 'images/photo/photo_131080006.jpg', 'Telephone Bill', 'images/addressproof/addressproof_131080006.jpg', '', 'images/admitcard/admitcard_131080006.jpg', 0),
('131080007', NULL, 'images/photo/photo_131080007.jpg', 'Telephone Bill', 'images/addressproof/addressproof_131080007.jpg', '', 'images/admitcard/admitcard_131080007.jpg', 0),
('131080008', NULL, 'images/photo/photo_131080008.jpg', 'Telephone Bill', 'images/addressproof/addressproof_131080008.jpg', '', 'images/admitcard/admitcard_131080008.jpg', 0),
('131080009', NULL, 'images/photo/photo_131080009.jpg', 'Telephone Bill', 'images/addressproof/addressproof_131080009.jpg', '', 'images/admitcard/admitcard_131080009.jpg', 0),
('131080010', NULL, 'images/photo/photo_131080010.jpg', 'Telephone Bill', 'images/addressproof/addressproof_131080010.jpg', '', 'images/admitcard/admitcard_131080010.jpg', 0),
('131080011', NULL, 'images/photo/photo_131080011.jpg', 'Telephone Bill', 'images/addressproof/addressproof_131080011.jpg', '', 'images/admitcard/admitcard_131080011.jpg', 0),
('131080012', NULL, 'images/photo/photo_131080012.jpg', 'Telephone Bill', 'images/addressproof/addressproof_131080012.jpg', '', 'images/admitcard/admitcard_131080012.jpg', 0),
('131080013', NULL, 'images/photo/photo_131080013.jpg', 'Telephone Bill', 'images/addressproof/addressproof_131080013.jpg', '', 'images/admitcard/admitcard_131080013.jpg', 0),
('131080014', NULL, 'images/photo/photo_131080014.jpg', 'Telephone Bill', 'images/addressproof/addressproof_131080014.jpg', '', 'images/admitcard/admitcard_131080014.jpg', 0),
('131080015', NULL, 'images/photo/photo_131080015.jpg', 'Telephone Bill', 'images/addressproof/addressproof_131080015.jpg', '', 'images/admitcard/admitcard_131080015.jpg', 0),
('131080016', NULL, 'images/photo/photo_131080016.jpg', 'Telephone Bill', 'images/addressproof/addressproof_131080016.jpg', '', 'images/admitcard/admitcard_131080016.jpg', 0),
('131080017', NULL, 'images/photo/photo_131080017.jpg', 'Telephone Bill', 'images/addressproof/addressproof_131080017.jpg', '', 'images/admitcard/admitcard_131080017.jpg', 0),
('131080018', NULL, 'images/photo/photo_131080018.jpg', 'Telephone Bill', 'images/addressproof/addressproof_131080018.jpg', '', 'images/admitcard/admitcard_131080018.jpg', 0),
('131080019', NULL, 'images/photo/photo_131080019.jpg', 'Telephone Bill', 'images/addressproof/addressproof_131080019.jpg', '', 'images/admitcard/admitcard_131080019.jpg', 0),
('131080020', NULL, 'images/photo/photo_131080020.jpg', 'Telephone Bill', 'images/addressproof/addressproof_131080020.jpg', '', 'images/admitcard/admitcard_131080020.jpg', 0),
('131080021', NULL, 'images/photo/photo_131080021.jpg', 'Telephone Bill', 'images/addressproof/addressproof_131080021.jpg', '', 'images/admitcard/admitcard_131080021.jpg', 0),
('131080022', NULL, 'images/photo/photo_131080022.jpg', 'Telephone Bill', 'images/addressproof/addressproof_131080022.jpg', '', 'images/admitcard/admitcard_131080022.jpg', 0),
('131080023', NULL, 'images/photo/photo_131080023.jpg', 'Telephone Bill', 'images/addressproof/addressproof_131080023.jpg', '', 'images/admitcard/admitcard_131080023.jpg', 0),
('131080024', NULL, 'images/photo/photo_131080024.jpg', 'Telephone Bill', 'images/addressproof/addressproof_131080024.jpg', '', 'images/admitcard/admitcard_131080024.jpg', 0);
INSERT INTO `documentdet` (`RegistrationID`, `AuthorityID`, `Photo`, `AddressProofType`, `AddressProof`, `FeeReceipt`, `AdmitCard`, `Status`) VALUES
('131080025', NULL, 'images/photo/photo_131080025.jpg', 'Telephone Bill', 'images/addressproof/addressproof_131080025.jpg', '', 'images/admitcard/admitcard_131080025.jpg', 0),
('131080026', NULL, 'images/photo/photo_131080026.jpg', 'Telephone Bill', 'images/addressproof/addressproof_131080026.jpg', '', 'images/admitcard/admitcard_131080026.jpg', 0),
('131080027', NULL, 'images/photo/photo_131080027.jpg', 'Telephone Bill', 'images/addressproof/addressproof_131080027.jpg', '', 'images/admitcard/admitcard_131080027.jpg', 0),
('131080028', NULL, 'images/photo/photo_131080028.jpg', 'Telephone Bill', 'images/addressproof/addressproof_131080028.jpg', '', 'images/admitcard/admitcard_131080028.jpg', 0),
('131080029', NULL, 'images/photo/photo_131080029.jpg', 'Telephone Bill', 'images/addressproof/addressproof_131080029.jpg', '', 'images/admitcard/admitcard_131080029.jpg', 0),
('131080030', NULL, 'images/photo/photo_131080030.jpg', 'Telephone Bill', 'images/addressproof/addressproof_131080030.jpg', '', 'images/admitcard/admitcard_131080030.jpg', 0),
('131080031', NULL, 'images/photo/photo_131080031.jpg', 'Telephone Bill', 'images/addressproof/addressproof_131080031.jpg', '', 'images/admitcard/admitcard_131080031.jpg', 0),
('131080032', NULL, 'images/photo/photo_131080032.jpg', 'Telephone Bill', 'images/addressproof/addressproof_131080032.jpg', '', 'images/admitcard/admitcard_131080032.jpg', 0),
('131080033', NULL, 'images/photo/photo_131080033.jpg', 'Telephone Bill', 'images/addressproof/addressproof_131080033.jpg', '', 'images/admitcard/admitcard_131080033.jpg', 0),
('131080034', NULL, 'images/photo/photo_131080034.jpg', 'Telephone Bill', 'images/addressproof/addressproof_131080034.jpg', '', 'images/admitcard/admitcard_131080034.jpg', 0),
('131080035', NULL, 'images/photo/photo_131080035.jpg', 'Telephone Bill', 'images/addressproof/addressproof_131080035.jpg', '', 'images/admitcard/admitcard_131080035.jpg', 0),
('131080036', NULL, 'images/photo/photo_131080036.jpg', 'Telephone Bill', 'images/addressproof/addressproof_131080036.jpg', '', 'images/admitcard/admitcard_131080036.jpg', 0),
('131080037', NULL, 'images/photo/photo_131080037.jpg', 'Telephone Bill', 'images/addressproof/addressproof_131080037.jpg', '', 'images/admitcard/admitcard_131080037.jpg', 0),
('131080038', NULL, 'images/photo/photo_131080038.jpg', 'Telephone Bill', 'images/addressproof/addressproof_131080038.jpg', '', 'images/admitcard/admitcard_131080038.jpg', 0),
('131080039', NULL, 'images/photo/photo_131080039.jpg', 'Telephone Bill', 'images/addressproof/addressproof_131080039.jpg', '', 'images/admitcard/admitcard_131080039.jpg', 0),
('131080040', NULL, 'images/photo/photo_131080040.jpg', 'Telephone Bill', 'images/addressproof/addressproof_131080040.jpg', '', 'images/admitcard/admitcard_131080040.jpg', 0),
('131080041', NULL, 'images/photo/photo_131080041.jpg', 'Telephone Bill', 'images/addressproof/addressproof_131080041.jpg', '', 'images/admitcard/admitcard_131080041.jpg', 0),
('131080042', NULL, 'images/photo/photo_131080042.jpg', 'Telephone Bill', 'images/addressproof/addressproof_131080042.jpg', '', 'images/admitcard/admitcard_131080042.jpg', 0),
('131080043', NULL, 'images/photo/photo_131080043.jpg', 'Telephone Bill', 'images/addressproof/addressproof_131080043.jpg', '', 'images/admitcard/admitcard_131080043.jpg', 0),
('131080044', NULL, 'images/photo/photo_131080044.jpg', 'Telephone Bill', 'images/addressproof/addressproof_131080044.jpg', '', 'images/admitcard/admitcard_131080044.jpg', 0),
('131080045', NULL, 'images/photo/photo_131080045.jpg', 'Telephone Bill', 'images/addressproof/addressproof_131080045.jpg', '', 'images/admitcard/admitcard_131080045.jpg', 0),
('131080046', NULL, 'images/photo/photo_131080046.jpg', 'Telephone Bill', 'images/addressproof/addressproof_131080046.jpg', '', 'images/admitcard/admitcard_131080046.jpg', 0),
('131080047', NULL, 'images/photo/photo_131080047.jpg', 'Telephone Bill', 'images/addressproof/addressproof_131080047.jpg', '', 'images/admitcard/admitcard_131080047.jpg', 0),
('131080048', NULL, 'images/photo/photo_131080048.jpg', 'Telephone Bill', 'images/addressproof/addressproof_131080048.jpg', '', 'images/admitcard/admitcard_131080048.jpg', 0),
('131080049', NULL, 'images/photo/photo_131080049.jpg', 'Telephone Bill', 'images/addressproof/addressproof_131080049.jpg', '', 'images/admitcard/admitcard_131080049.jpg', 0),
('131080050', NULL, 'images/photo/photo_131080050.jpg', 'Telephone Bill', 'images/addressproof/addressproof_131080050.jpg', '', 'images/admitcard/admitcard_131080050.jpg', 0),
('131080051', NULL, 'images/photo/photo_131080051.jpg', 'Telephone Bill', 'images/addressproof/addressproof_131080051.jpg', '', 'images/admitcard/admitcard_131080051.jpg', 0),
('131080052', NULL, 'images/photo/photo_131080052.jpg', 'Telephone Bill', 'images/addressproof/addressproof_131080052.jpg', '', 'images/admitcard/admitcard_131080052.jpg', 0),
('131080053', NULL, 'images/photo/photo_131080053.jpg', 'Telephone Bill', 'images/addressproof/addressproof_131080053.jpg', '', 'images/admitcard/admitcard_131080053.jpg', 0),
('131080054', NULL, 'images/photo/photo_131080054.jpg', 'Telephone Bill', 'images/addressproof/addressproof_131080054.jpg', '', 'images/admitcard/admitcard_131080054.jpg', 0),
('131080055', NULL, 'images/photo/photo_131080055.jpg', 'Telephone Bill', 'images/addressproof/addressproof_131080055.jpg', '', 'images/admitcard/admitcard_131080055.jpg', 0),
('131080056', NULL, 'images/photo/photo_131080056.jpg', 'Telephone Bill', 'images/addressproof/addressproof_131080056.jpg', '', 'images/admitcard/admitcard_131080056.jpg', 0),
('131080057', NULL, 'images/photo/photo_131080057.jpg', 'Telephone Bill', 'images/addressproof/addressproof_131080057.jpg', '', 'images/admitcard/admitcard_131080057.jpg', 0),
('131080058', NULL, 'images/photo/photo_131080058.jpg', 'Telephone Bill', 'images/addressproof/addressproof_131080058.jpg', '', 'images/admitcard/admitcard_131080058.jpg', 0),
('131080059', NULL, 'images/photo/photo_131080059.jpg', 'Telephone Bill', 'images/addressproof/addressproof_131080059.jpg', '', 'images/admitcard/admitcard_131080059.jpg', 0),
('131080060', NULL, 'images/photo/photo_131080060.jpg', 'Telephone Bill', 'images/addressproof/addressproof_131080060.jpg', '', 'images/admitcard/admitcard_131080060.jpg', 0),
('131080061', NULL, 'images/photo/photo_131080061.jpg', 'Telephone Bill', 'images/addressproof/addressproof_131080061.jpg', '', 'images/admitcard/admitcard_131080061.jpg', 0),
('131080062', NULL, 'images/photo/photo_131080062.jpg', 'Telephone Bill', 'images/addressproof/addressproof_131080062.jpg', '', 'images/admitcard/admitcard_131080062.jpg', 0),
('131080063', NULL, 'images/photo/photo_131080063.jpg', 'Telephone Bill', 'images/addressproof/addressproof_131080063.jpg', '', 'images/admitcard/admitcard_131080063.jpg', 0),
('131080064', NULL, 'images/photo/photo_131080064.jpg', 'Telephone Bill', 'images/addressproof/addressproof_131080064.jpg', '', 'images/admitcard/admitcard_131080064.jpg', 0),
('131080065', NULL, 'images/photo/photo_131080065.jpg', 'Telephone Bill', 'images/addressproof/addressproof_131080065.jpg', '', 'images/admitcard/admitcard_131080065.jpg', 0),
('131080066', NULL, 'images/photo/photo_131080066.jpg', 'Telephone Bill', 'images/addressproof/addressproof_131080066.jpg', '', 'images/admitcard/admitcard_131080066.jpg', 0),
('131080067', NULL, 'images/photo/photo_131080067.jpg', 'Telephone Bill', 'images/addressproof/addressproof_131080067.jpg', '', 'images/admitcard/admitcard_131080067.jpg', 0),
('131080068', NULL, 'images/photo/photo_131080068.jpg', 'Telephone Bill', 'images/addressproof/addressproof_131080068.jpg', '', 'images/admitcard/admitcard_131080068.jpg', 0),
('131080069', NULL, 'images/photo/photo_131080069.jpg', 'Telephone Bill', 'images/addressproof/addressproof_131080069.jpg', '', 'images/admitcard/admitcard_131080069.jpg', 0),
('131080070', NULL, 'images/photo/photo_131080070.jpg', 'Telephone Bill', 'images/addressproof/addressproof_131080070.jpg', '', 'images/admitcard/admitcard_131080070.jpg', 0),
('131080071', NULL, 'images/photo/photo_131080071.jpg', 'Telephone Bill', 'images/addressproof/addressproof_131080071.jpg', '', 'images/admitcard/admitcard_131080071.jpg', 0),
('131080072', NULL, 'images/photo/photo_131080072.jpg', 'Telephone Bill', 'images/addressproof/addressproof_131080072.jpg', '', 'images/admitcard/admitcard_131080072.jpg', 0),
('131080073', NULL, 'images/photo/photo_131080073.jpg', 'Telephone Bill', 'images/addressproof/addressproof_131080073.jpg', '', 'images/admitcard/admitcard_131080073.jpg', 0),
('131080074', NULL, 'images/photo/photo_131080074.jpg', 'Telephone Bill', 'images/addressproof/addressproof_131080074.jpg', '', 'images/admitcard/admitcard_131080074.jpg', 0),
('131080075', NULL, 'images/photo/photo_131080075.jpg', 'Gas Bill', 'images/addressproof/addressproof_131080075.jpg', '', 'images/admitcard/admitcard_131080075.jpg', 0),
('131080076', NULL, 'images/photo/photo_131080076.jpg', 'Gas Bill', 'images/addressproof/addressproof_131080076.jpg', '', 'images/admitcard/admitcard_131080076.jpg', 0),
('131080077', NULL, 'images/photo/photo_131080077.jpg', 'Gas Bill', 'images/addressproof/addressproof_131080077.jpg', '', 'images/admitcard/admitcard_131080077.jpg', 0),
('131080078', NULL, 'images/photo/photo_131080078.jpg', 'Gas Bill', 'images/addressproof/addressproof_131080078.jpg', '', 'images/admitcard/admitcard_131080078.jpg', 0),
('131080079', NULL, 'images/photo/photo_131080079.jpg', 'Gas Bill', 'images/addressproof/addressproof_131080079.jpg', '', 'images/admitcard/admitcard_131080079.jpg', 0),
('131080080', NULL, 'images/photo/photo_131080080.jpg', 'Gas Bill', 'images/addressproof/addressproof_131080080.jpg', '', 'images/admitcard/admitcard_131080080.jpg', 0),
('131080081', NULL, 'images/photo/photo_131080081.jpg', 'Gas Bill', 'images/addressproof/addressproof_131080081.jpg', '', 'images/admitcard/admitcard_131080081.jpg', 0),
('131080082', NULL, 'images/photo/photo_131080082.jpg', 'Gas Bill', 'images/addressproof/addressproof_131080082.jpg', '', 'images/admitcard/admitcard_131080082.jpg', 0),
('131080083', NULL, 'images/photo/photo_131080083.jpg', 'Gas Bill', 'images/addressproof/addressproof_131080083.jpg', '', 'images/admitcard/admitcard_131080083.jpg', 0),
('131080084', NULL, 'images/photo/photo_131080084.jpg', 'Gas Bill', 'images/addressproof/addressproof_131080084.jpg', '', 'images/admitcard/admitcard_131080084.jpg', 0),
('131080085', NULL, 'images/photo/photo_131080085.jpg', 'Gas Bill', 'images/addressproof/addressproof_131080085.jpg', '', 'images/admitcard/admitcard_131080085.jpg', 0),
('131080086', NULL, 'images/photo/photo_131080086.jpg', 'Gas Bill', 'images/addressproof/addressproof_131080086.jpg', '', 'images/admitcard/admitcard_131080086.jpg', 0),
('131080087', NULL, 'images/photo/photo_131080087.jpg', 'Gas Bill', 'images/addressproof/addressproof_131080087.jpg', '', 'images/admitcard/admitcard_131080087.jpg', 0),
('131080088', NULL, 'images/photo/photo_131080088.jpg', 'Gas Bill', 'images/addressproof/addressproof_131080088.jpg', '', 'images/admitcard/admitcard_131080088.jpg', 0),
('131080089', NULL, 'images/photo/photo_131080089.jpg', 'Gas Bill', 'images/addressproof/addressproof_131080089.jpg', '', 'images/admitcard/admitcard_131080089.jpg', 0),
('131080090', NULL, 'images/photo/photo_131080090.jpg', 'Gas Bill', 'images/addressproof/addressproof_131080090.jpg', '', 'images/admitcard/admitcard_131080090.jpg', 0),
('131080091', NULL, 'images/photo/photo_131080091.jpg', 'Gas Bill', 'images/addressproof/addressproof_131080091.jpg', '', 'images/admitcard/admitcard_131080091.jpg', 0),
('131080092', NULL, 'images/photo/photo_131080092.jpg', 'Gas Bill', 'images/addressproof/addressproof_131080092.jpg', '', 'images/admitcard/admitcard_131080092.jpg', 0),
('131080093', NULL, 'images/photo/photo_131080093.jpg', 'Gas Bill', 'images/addressproof/addressproof_131080093.jpg', '', 'images/admitcard/admitcard_131080093.jpg', 0),
('131080094', NULL, 'images/photo/photo_131080094.jpg', 'Gas Bill', 'images/addressproof/addressproof_131080094.jpg', '', 'images/admitcard/admitcard_131080094.jpg', 0),
('131080095', NULL, 'images/photo/photo_131080095.jpg', 'Gas Bill', 'images/addressproof/addressproof_131080095.jpg', '', 'images/admitcard/admitcard_131080095.jpg', 0),
('131080096', NULL, 'images/photo/photo_131080096.jpg', 'Gas Bill', 'images/addressproof/addressproof_131080096.jpg', '', 'images/admitcard/admitcard_131080096.jpg', 0),
('131080097', NULL, 'images/photo/photo_131080097.jpg', 'Gas Bill', 'images/addressproof/addressproof_131080097.jpg', '', 'images/admitcard/admitcard_131080097.jpg', 0),
('131080098', NULL, 'images/photo/photo_131080098.jpg', 'Gas Bill', 'images/addressproof/addressproof_131080098.jpg', '', 'images/admitcard/admitcard_131080098.jpg', 0),
('131080099', NULL, 'images/photo/photo_131080099.jpg', 'Gas Bill', 'images/addressproof/addressproof_131080099.jpg', '', 'images/admitcard/admitcard_131080099.jpg', 0),
('131080100', NULL, 'images/photo/photo_131080100.jpg', 'Gas Bill', 'images/addressproof/addressproof_131080100.jpg', '', 'images/admitcard/admitcard_131080100.jpg', 0),
('131080101', NULL, 'images/photo/photo_131080101.jpg', 'Gas Bill', 'images/addressproof/addressproof_131080101.jpg', '', 'images/admitcard/admitcard_131080101.jpg', 0),
('131080102', NULL, 'images/photo/photo_131080102.jpg', 'Gas Bill', 'images/addressproof/addressproof_131080102.jpg', '', 'images/admitcard/admitcard_131080102.jpg', 0),
('131080103', NULL, 'images/photo/photo_131080103.jpg', 'Gas Bill', 'images/addressproof/addressproof_131080103.jpg', '', 'images/admitcard/admitcard_131080103.jpg', 0),
('131080104', NULL, 'images/photo/photo_131080104.jpg', 'Gas Bill', 'images/addressproof/addressproof_131080104.jpg', '', 'images/admitcard/admitcard_131080104.jpg', 0),
('131080105', NULL, 'images/photo/photo_131080105.jpg', 'Gas Bill', 'images/addressproof/addressproof_131080105.jpg', '', 'images/admitcard/admitcard_131080105.jpg', 0),
('131080106', NULL, 'images/photo/photo_131080106.jpg', 'Gas Bill', 'images/addressproof/addressproof_131080106.jpg', '', 'images/admitcard/admitcard_131080106.jpg', 0),
('131080107', NULL, 'images/photo/photo_131080107.jpg', 'Gas Bill', 'images/addressproof/addressproof_131080107.jpg', '', 'images/admitcard/admitcard_131080107.jpg', 0),
('131080108', NULL, 'images/photo/photo_131080108.jpg', 'Gas Bill', 'images/addressproof/addressproof_131080108.jpg', '', 'images/admitcard/admitcard_131080108.jpg', 0),
('131080109', NULL, 'images/photo/photo_131080109.jpg', 'Gas Bill', 'images/addressproof/addressproof_131080109.jpg', '', 'images/admitcard/admitcard_131080109.jpg', 0),
('131080110', NULL, 'images/photo/photo_131080110.jpg', 'Gas Bill', 'images/addressproof/addressproof_131080110.jpg', '', 'images/admitcard/admitcard_131080110.jpg', 0),
('131080111', NULL, 'images/photo/photo_131080111.jpg', 'Gas Bill', 'images/addressproof/addressproof_131080111.jpg', '', 'images/admitcard/admitcard_131080111.jpg', 0),
('131080112', NULL, 'images/photo/photo_131080112.jpg', 'Gas Bill', 'images/addressproof/addressproof_131080112.jpg', '', 'images/admitcard/admitcard_131080112.jpg', 0),
('131080113', NULL, 'images/photo/photo_131080113.jpg', 'Gas Bill', 'images/addressproof/addressproof_131080113.jpg', '', 'images/admitcard/admitcard_131080113.jpg', 0),
('131080114', NULL, 'images/photo/photo_131080114.jpg', 'Gas Bill', 'images/addressproof/addressproof_131080114.jpg', '', 'images/admitcard/admitcard_131080114.jpg', 0),
('131080115', NULL, 'images/photo/photo_131080115.jpg', 'Gas Bill', 'images/addressproof/addressproof_131080115.jpg', '', 'images/admitcard/admitcard_131080115.jpg', 0),
('131080116', NULL, 'images/photo/photo_131080116.jpg', 'Gas Bill', 'images/addressproof/addressproof_131080116.jpg', '', 'images/admitcard/admitcard_131080116.jpg', 0),
('131080117', NULL, 'images/photo/photo_131080117.jpg', 'Gas Bill', 'images/addressproof/addressproof_131080117.jpg', '', 'images/admitcard/admitcard_131080117.jpg', 0),
('131080118', NULL, 'images/photo/photo_131080118.jpg', 'Gas Bill', 'images/addressproof/addressproof_131080118.jpg', '', 'images/admitcard/admitcard_131080118.jpg', 0),
('131080119', NULL, 'images/photo/photo_131080119.jpg', 'Passport', 'images/addressproof/addressproof_131080119.jpg', '', 'images/admitcard/admitcard_131080119.jpg', 0),
('131080120', NULL, 'images/photo/photo_131080120.jpg', 'Passport', 'images/addressproof/addressproof_131080120.jpg', '', 'images/admitcard/admitcard_131080120.jpg', 0),
('131080121', NULL, 'images/photo/photo_131080121.jpg', 'Passport', 'images/addressproof/addressproof_131080121.jpg', '', 'images/admitcard/admitcard_131080121.jpg', 0),
('131080122', NULL, 'images/photo/photo_131080122.jpg', 'Passport', 'images/addressproof/addressproof_131080122.jpg', '', 'images/admitcard/admitcard_131080122.jpg', 0),
('131080123', NULL, 'images/photo/photo_131080123.jpg', 'Driving License', 'images/addressproof/addressproof_131080123.jpg', '', 'images/admitcard/admitcard_131080123.jpg', 0),
('131080124', NULL, 'images/photo/photo_131080124.jpg', 'Driving License', 'images/addressproof/addressproof_131080124.jpg', '', 'images/admitcard/admitcard_131080124.jpg', 0),
('131080125', NULL, 'images/photo/photo_131080125.jpg', 'Driving License', 'images/addressproof/addressproof_131080125.jpg', '', 'images/admitcard/admitcard_131080125.jpg', 0),
('131080126', NULL, 'images/photo/photo_131080126.jpg', 'Driving License', 'images/addressproof/addressproof_131080126.jpg', '', 'images/admitcard/admitcard_131080126.jpg', 0),
('131080127', NULL, 'images/photo/photo_131080127.jpg', 'Driving License', 'images/addressproof/addressproof_131080127.jpg', '', 'images/admitcard/admitcard_131080127.jpg', 0),
('131080128', NULL, 'images/photo/photo_131080128.jpg', 'Driving License', 'images/addressproof/addressproof_131080128.jpg', '', 'images/admitcard/admitcard_131080128.jpg', 0),
('131080129', NULL, 'images/photo/photo_131080129.jpg', 'Driving License', 'images/addressproof/addressproof_131080129.jpg', '', 'images/admitcard/admitcard_131080129.jpg', 0),
('131080130', NULL, 'images/photo/photo_131080130.jpg', 'Driving License', 'images/addressproof/addressproof_131080130.jpg', '', 'images/admitcard/admitcard_131080130.jpg', 0),
('141080001', NULL, 'images/photo/photo_141080001.jpg', 'Ration Card', 'images/addressproof/addressproof_141080001.jpg', 'images/feereceipt/feereceipt_141080001.', 'images/admitcard/admitcard_141080001.jpg', 3),
('141080002', NULL, 'images/photo/photo_141080002.jpg', 'Ration Card', 'images/addressproof/addressproof_141080002.jpg', '', 'images/admitcard/admitcard_141080002.jpg', 1),
('141080003', NULL, 'images/photo/photo_141080003.jpg', 'Ration Card', 'images/addressproof/addressproof_141080003.jpg', '', 'images/admitcard/admitcard_141080003.jpg', 1),
('141080004', NULL, 'images/photo/photo_141080004.jpg', 'Ration Card', 'images/addressproof/addressproof_141080004.jpg', '', 'images/admitcard/admitcard_141080004.jpg', 1),
('141080005', NULL, 'images/photo/photo_141080005.jpg', 'Ration Card', 'images/addressproof/addressproof_141080005.jpg', '', 'images/admitcard/admitcard_141080005.jpg', 0),
('141080006', NULL, 'images/photo/photo_141080006.jpg', 'Ration Card', 'images/addressproof/addressproof_141080006.jpg', '', 'images/admitcard/admitcard_141080006.jpg', 0),
('141080007', NULL, 'images/photo/photo_141080007.jpg', 'Ration Card', 'images/addressproof/addressproof_141080007.jpg', '', 'images/admitcard/admitcard_141080007.jpg', 0),
('141080008', NULL, 'images/photo/photo_141080008.jpg', 'Ration Card', 'images/addressproof/addressproof_141080008.jpg', '', 'images/admitcard/admitcard_141080008.jpg', 0),
('141080009', NULL, 'images/photo/photo_141080009.jpg', 'Ration Card', 'images/addressproof/addressproof_141080009.jpg', '', 'images/admitcard/admitcard_141080009.jpg', 0),
('141080010', NULL, 'images/photo/photo_141080010.jpg', 'Ration Card', 'images/addressproof/addressproof_141080010.jpg', '', 'images/admitcard/admitcard_141080010.jpg', 0),
('141080011', NULL, 'images/photo/photo_141080011.jpg', 'Ration Card', 'images/addressproof/addressproof_141080011.jpg', '', 'images/admitcard/admitcard_141080011.jpg', 0),
('141080012', NULL, 'images/photo/photo_141080012.jpg', 'Ration Card', 'images/addressproof/addressproof_141080012.jpg', '', 'images/admitcard/admitcard_141080012.jpg', 0),
('141080013', NULL, 'images/photo/photo_141080013.jpg', 'Ration Card', 'images/addressproof/addressproof_141080013.jpg', '', 'images/admitcard/admitcard_141080013.jpg', 0),
('141080014', NULL, 'images/photo/photo_141080014.jpg', 'Ration Card', 'images/addressproof/addressproof_141080014.jpg', '', 'images/admitcard/admitcard_141080014.jpg', 0),
('141080015', NULL, 'images/photo/photo_141080015.jpg', 'Ration Card', 'images/addressproof/addressproof_141080015.jpg', '', 'images/admitcard/admitcard_141080015.jpg', 0),
('141080016', NULL, 'images/photo/photo_141080016.jpg', 'Ration Card', 'images/addressproof/addressproof_141080016.jpg', '', 'images/admitcard/admitcard_141080016.jpg', 0),
('141080017', NULL, 'images/photo/photo_141080017.jpg', 'Ration Card', 'images/addressproof/addressproof_141080017.jpg', '', 'images/admitcard/admitcard_141080017.jpg', 0),
('141080018', NULL, 'images/photo/photo_141080018.jpg', 'Ration Card', 'images/addressproof/addressproof_141080018.jpg', '', 'images/admitcard/admitcard_141080018.jpg', 0),
('141080019', NULL, 'images/photo/photo_141080019.jpg', 'Ration Card', 'images/addressproof/addressproof_141080019.jpg', '', 'images/admitcard/admitcard_141080019.jpg', 0),
('141080020', NULL, 'images/photo/photo_141080020.jpg', 'Ration Card', 'images/addressproof/addressproof_141080020.jpg', '', 'images/admitcard/admitcard_141080020.jpg', 0),
('141080021', NULL, 'images/photo/photo_141080021.jpg', 'Ration Card', 'images/addressproof/addressproof_141080021.jpg', '', 'images/admitcard/admitcard_141080021.jpg', 0),
('141080022', NULL, 'images/photo/photo_141080022.jpg', 'Ration Card', 'images/addressproof/addressproof_141080022.jpg', '', 'images/admitcard/admitcard_141080022.jpg', 0),
('141080023', NULL, 'images/photo/photo_141080023.jpg', 'Ration Card', 'images/addressproof/addressproof_141080023.jpg', '', 'images/admitcard/admitcard_141080023.jpg', 0),
('141080024', NULL, 'images/photo/photo_141080024.jpg', 'Ration Card', 'images/addressproof/addressproof_141080024.jpg', '', 'images/admitcard/admitcard_141080024.jpg', 0),
('141080025', NULL, 'images/photo/photo_141080025.jpg', 'Ration Card', 'images/addressproof/addressproof_141080025.jpg', '', 'images/admitcard/admitcard_141080025.jpg', 0),
('141080026', NULL, 'images/photo/photo_141080026.jpg', 'Ration Card', 'images/addressproof/addressproof_141080026.jpg', '', 'images/admitcard/admitcard_141080026.jpg', 0),
('141080027', NULL, 'images/photo/photo_141080027.jpg', 'Ration Card', 'images/addressproof/addressproof_141080027.jpg', '', 'images/admitcard/admitcard_141080027.jpg', 0),
('141080028', NULL, 'images/photo/photo_141080028.jpg', 'Ration Card', 'images/addressproof/addressproof_141080028.jpg', '', 'images/admitcard/admitcard_141080028.jpg', 0),
('141080029', NULL, 'images/photo/photo_141080029.jpg', 'Ration Card', 'images/addressproof/addressproof_141080029.jpg', '', 'images/admitcard/admitcard_141080029.jpg', 0),
('141080030', NULL, 'images/photo/photo_141080030.jpg', 'Ration Card', 'images/addressproof/addressproof_141080030.jpg', '', 'images/admitcard/admitcard_141080030.jpg', 0),
('141080031', NULL, 'images/photo/photo_141080031.jpg', 'Ration Card', 'images/addressproof/addressproof_141080031.jpg', '', 'images/admitcard/admitcard_141080031.jpg', 0),
('141080032', NULL, 'images/photo/photo_141080032.jpg', 'Ration Card', 'images/addressproof/addressproof_141080032.jpg', '', 'images/admitcard/admitcard_141080032.jpg', 0),
('141080033', NULL, 'images/photo/photo_141080033.jpg', 'Ration Card', 'images/addressproof/addressproof_141080033.jpg', '', 'images/admitcard/admitcard_141080033.jpg', 0),
('141080034', NULL, 'images/photo/photo_141080034.jpg', 'Ration Card', 'images/addressproof/addressproof_141080034.jpg', '', 'images/admitcard/admitcard_141080034.jpg', 0),
('141080035', NULL, 'images/photo/photo_141080035.jpg', 'Ration Card', 'images/addressproof/addressproof_141080035.jpg', '', 'images/admitcard/admitcard_141080035.jpg', 0),
('141080036', NULL, 'images/photo/photo_141080036.jpg', 'Ration Card', 'images/addressproof/addressproof_141080036.jpg', '', 'images/admitcard/admitcard_141080036.jpg', 0),
('141080037', NULL, 'images/photo/photo_141080037.jpg', 'Ration Card', 'images/addressproof/addressproof_141080037.jpg', '', 'images/admitcard/admitcard_141080037.jpg', 0),
('141080038', NULL, 'images/photo/photo_141080038.jpg', 'Ration Card', 'images/addressproof/addressproof_141080038.jpg', '', 'images/admitcard/admitcard_141080038.jpg', 0),
('141080039', NULL, 'images/photo/photo_141080039.jpg', 'Ration Card', 'images/addressproof/addressproof_141080039.jpg', '', 'images/admitcard/admitcard_141080039.jpg', 0),
('141080040', NULL, 'images/photo/photo_141080040.jpg', 'Ration Card', 'images/addressproof/addressproof_141080040.jpg', '', 'images/admitcard/admitcard_141080040.jpg', 0),
('141080041', NULL, 'images/photo/photo_141080041.jpg', 'Ration Card', 'images/addressproof/addressproof_141080041.jpg', '', 'images/admitcard/admitcard_141080041.jpg', 0),
('141080042', NULL, 'images/photo/photo_141080042.jpg', 'Ration Card', 'images/addressproof/addressproof_141080042.jpg', '', 'images/admitcard/admitcard_141080042.jpg', 0),
('141080043', NULL, 'images/photo/photo_141080043.jpg', 'Ration Card', 'images/addressproof/addressproof_141080043.jpg', '', 'images/admitcard/admitcard_141080043.jpg', 0),
('141080044', NULL, 'images/photo/photo_141080044.jpg', 'Ration Card', 'images/addressproof/addressproof_141080044.jpg', '', 'images/admitcard/admitcard_141080044.jpg', 0),
('141080045', NULL, 'images/photo/photo_141080045.jpg', 'Ration Card', 'images/addressproof/addressproof_141080045.jpg', '', 'images/admitcard/admitcard_141080045.jpg', 0),
('141080046', NULL, 'images/photo/photo_141080046.jpg', 'Ration Card', 'images/addressproof/addressproof_141080046.jpg', '', 'images/admitcard/admitcard_141080046.jpg', 0),
('141080047', NULL, 'images/photo/photo_141080047.jpg', 'Ration Card', 'images/addressproof/addressproof_141080047.jpg', '', 'images/admitcard/admitcard_141080047.jpg', 0),
('141080048', NULL, 'images/photo/photo_141080048.jpg', 'Ration Card', 'images/addressproof/addressproof_141080048.jpg', '', 'images/admitcard/admitcard_141080048.jpg', 0),
('141080049', NULL, 'images/photo/photo_141080049.jpg', 'Ration Card', 'images/addressproof/addressproof_141080049.jpg', '', 'images/admitcard/admitcard_141080049.jpg', 0),
('141080050', NULL, 'images/photo/photo_141080050.jpg', 'Ration Card', 'images/addressproof/addressproof_141080050.jpg', '', 'images/admitcard/admitcard_141080050.jpg', 0),
('141080051', NULL, 'images/photo/photo_141080051.jpg', 'Electricity Bill', 'images/addressproof/addressproof_141080051.jpg', '', 'images/admitcard/admitcard_141080051.jpg', 0),
('141080052', NULL, 'images/photo/photo_141080052.jpg', 'Electricity Bill', 'images/addressproof/addressproof_141080052.jpg', '', 'images/admitcard/admitcard_141080052.jpg', 0),
('141080053', NULL, 'images/photo/photo_141080053.jpg', 'Electricity Bill', 'images/addressproof/addressproof_141080053.jpg', '', 'images/admitcard/admitcard_141080053.jpg', 0),
('141080054', NULL, 'images/photo/photo_141080054.jpg', 'Electricity Bill', 'images/addressproof/addressproof_141080054.jpg', '', 'images/admitcard/admitcard_141080054.jpg', 0),
('141080055', NULL, 'images/photo/photo_141080055.jpg', 'Electricity Bill', 'images/addressproof/addressproof_141080055.jpg', '', 'images/admitcard/admitcard_141080055.jpg', 0),
('141080056', NULL, 'images/photo/photo_141080056.jpg', 'Electricity Bill', 'images/addressproof/addressproof_141080056.jpg', '', 'images/admitcard/admitcard_141080056.jpg', 0),
('141080057', NULL, 'images/photo/photo_141080057.jpg', 'Electricity Bill', 'images/addressproof/addressproof_141080057.jpg', '', 'images/admitcard/admitcard_141080057.jpg', 0),
('141080058', NULL, 'images/photo/photo_141080058.jpg', 'Electricity Bill', 'images/addressproof/addressproof_141080058.jpg', '', 'images/admitcard/admitcard_141080058.jpg', 0),
('141080059', NULL, 'images/photo/photo_141080059.jpg', 'Electricity Bill', 'images/addressproof/addressproof_141080059.jpg', '', 'images/admitcard/admitcard_141080059.jpg', 0),
('141080060', NULL, 'images/photo/photo_141080060.jpg', 'Electricity Bill', 'images/addressproof/addressproof_141080060.jpg', '', 'images/admitcard/admitcard_141080060.jpg', 0),
('141080061', NULL, 'images/photo/photo_141080061.jpg', 'Electricity Bill', 'images/addressproof/addressproof_141080061.jpg', '', 'images/admitcard/admitcard_141080061.jpg', 0),
('141080062', NULL, 'images/photo/photo_141080062.jpg', 'Electricity Bill', 'images/addressproof/addressproof_141080062.jpg', '', 'images/admitcard/admitcard_141080062.jpg', 0),
('141080063', NULL, 'images/photo/photo_141080063.jpg', 'Electricity Bill', 'images/addressproof/addressproof_141080063.jpg', '', 'images/admitcard/admitcard_141080063.jpg', 0),
('141080064', NULL, 'images/photo/photo_141080064.jpg', 'Electricity Bill', 'images/addressproof/addressproof_141080064.jpg', '', 'images/admitcard/admitcard_141080064.jpg', 0),
('141080065', NULL, 'images/photo/photo_141080065.jpg', 'Electricity Bill', 'images/addressproof/addressproof_141080065.jpg', '', 'images/admitcard/admitcard_141080065.jpg', 0),
('141080066', NULL, 'images/photo/photo_141080066.jpg', 'Electricity Bill', 'images/addressproof/addressproof_141080066.jpg', '', 'images/admitcard/admitcard_141080066.jpg', 0),
('141080067', NULL, 'images/photo/photo_141080067.jpg', 'Electricity Bill', 'images/addressproof/addressproof_141080067.jpg', '', 'images/admitcard/admitcard_141080067.jpg', 0),
('141080068', NULL, 'images/photo/photo_141080068.jpg', 'Electricity Bill', 'images/addressproof/addressproof_141080068.jpg', '', 'images/admitcard/admitcard_141080068.jpg', 0),
('141080069', NULL, 'images/photo/photo_141080069.jpg', 'Electricity Bill', 'images/addressproof/addressproof_141080069.jpg', '', 'images/admitcard/admitcard_141080069.jpg', 0),
('141080070', NULL, 'images/photo/photo_141080070.jpg', 'Electricity Bill', 'images/addressproof/addressproof_141080070.jpg', '', 'images/admitcard/admitcard_141080070.jpg', 0),
('141080071', NULL, 'images/photo/photo_141080071.jpg', 'Electricity Bill', 'images/addressproof/addressproof_141080071.jpg', '', 'images/admitcard/admitcard_141080071.jpg', 0),
('141080072', NULL, 'images/photo/photo_141080072.jpg', 'Electricity Bill', 'images/addressproof/addressproof_141080072.jpg', '', 'images/admitcard/admitcard_141080072.jpg', 0),
('141080073', NULL, 'images/photo/photo_141080073.jpg', 'Electricity Bill', 'images/addressproof/addressproof_141080073.jpg', '', 'images/admitcard/admitcard_141080073.jpg', 0),
('141080074', NULL, 'images/photo/photo_141080074.jpg', 'Electricity Bill', 'images/addressproof/addressproof_141080074.jpg', '', 'images/admitcard/admitcard_141080074.jpg', 0),
('141080075', NULL, 'images/photo/photo_141080075.jpg', 'Electricity Bill', 'images/addressproof/addressproof_141080075.jpg', '', 'images/admitcard/admitcard_141080075.jpg', 0),
('141080076', NULL, 'images/photo/photo_141080076.jpg', 'Electricity Bill', 'images/addressproof/addressproof_141080076.jpg', '', 'images/admitcard/admitcard_141080076.jpg', 0),
('141080077', NULL, 'images/photo/photo_141080077.jpg', 'Electricity Bill', 'images/addressproof/addressproof_141080077.jpg', '', 'images/admitcard/admitcard_141080077.jpg', 0),
('141080078', NULL, 'images/photo/photo_141080078.jpg', 'Electricity Bill', 'images/addressproof/addressproof_141080078.jpg', '', 'images/admitcard/admitcard_141080078.jpg', 0),
('141080079', NULL, 'images/photo/photo_141080079.jpg', 'Electricity Bill', 'images/addressproof/addressproof_141080079.jpg', '', 'images/admitcard/admitcard_141080079.jpg', 0),
('141080080', NULL, 'images/photo/photo_141080080.jpg', 'Electricity Bill', 'images/addressproof/addressproof_141080080.jpg', '', 'images/admitcard/admitcard_141080080.jpg', 0),
('141080081', NULL, 'images/photo/photo_141080081.jpg', 'Electricity Bill', 'images/addressproof/addressproof_141080081.jpg', '', 'images/admitcard/admitcard_141080081.jpg', 0),
('141080082', NULL, 'images/photo/photo_141080082.jpg', 'Electricity Bill', 'images/addressproof/addressproof_141080082.jpg', '', 'images/admitcard/admitcard_141080082.jpg', 0),
('141080083', NULL, 'images/photo/photo_141080083.jpg', 'Electricity Bill', 'images/addressproof/addressproof_141080083.jpg', '', 'images/admitcard/admitcard_141080083.jpg', 0),
('141080084', NULL, 'images/photo/photo_141080084.jpg', 'Electricity Bill', 'images/addressproof/addressproof_141080084.jpg', '', 'images/admitcard/admitcard_141080084.jpg', 0),
('141080085', NULL, 'images/photo/photo_141080085.jpg', 'Telephone Bill', 'images/addressproof/addressproof_141080085.jpg', '', 'images/admitcard/admitcard_141080085.jpg', 0),
('141080086', NULL, 'images/photo/photo_141080086.jpg', 'Telephone Bill', 'images/addressproof/addressproof_141080086.jpg', '', 'images/admitcard/admitcard_141080086.jpg', 0),
('141080087', NULL, 'images/photo/photo_141080087.jpg', 'Telephone Bill', 'images/addressproof/addressproof_141080087.jpg', '', 'images/admitcard/admitcard_141080087.jpg', 0),
('141080088', NULL, 'images/photo/photo_141080088.jpg', 'Telephone Bill', 'images/addressproof/addressproof_141080088.jpg', '', 'images/admitcard/admitcard_141080088.jpg', 0),
('141080089', NULL, 'images/photo/photo_141080089.jpg', 'Telephone Bill', 'images/addressproof/addressproof_141080089.jpg', '', 'images/admitcard/admitcard_141080089.jpg', 0),
('141080090', NULL, 'images/photo/photo_141080090.jpg', 'Telephone Bill', 'images/addressproof/addressproof_141080090.jpg', '', 'images/admitcard/admitcard_141080090.jpg', 0),
('141080091', NULL, 'images/photo/photo_141080091.jpg', 'Telephone Bill', 'images/addressproof/addressproof_141080091.jpg', '', 'images/admitcard/admitcard_141080091.jpg', 0),
('141080092', NULL, 'images/photo/photo_141080092.jpg', 'Telephone Bill', 'images/addressproof/addressproof_141080092.jpg', '', 'images/admitcard/admitcard_141080092.jpg', 0),
('141080093', NULL, 'images/photo/photo_141080093.jpg', 'Telephone Bill', 'images/addressproof/addressproof_141080093.jpg', '', 'images/admitcard/admitcard_141080093.jpg', 0),
('141080094', NULL, 'images/photo/photo_141080094.jpg', 'Telephone Bill', 'images/addressproof/addressproof_141080094.jpg', '', 'images/admitcard/admitcard_141080094.jpg', 0),
('141080095', NULL, 'images/photo/photo_141080095.jpg', 'Telephone Bill', 'images/addressproof/addressproof_141080095.jpg', '', 'images/admitcard/admitcard_141080095.jpg', 0),
('141080096', NULL, 'images/photo/photo_141080096.jpg', 'Telephone Bill', 'images/addressproof/addressproof_141080096.jpg', '', 'images/admitcard/admitcard_141080096.jpg', 0),
('141080097', NULL, 'images/photo/photo_141080097.jpg', 'Telephone Bill', 'images/addressproof/addressproof_141080097.jpg', '', 'images/admitcard/admitcard_141080097.jpg', 0),
('141080098', NULL, 'images/photo/photo_141080098.jpg', 'Telephone Bill', 'images/addressproof/addressproof_141080098.jpg', '', 'images/admitcard/admitcard_141080098.jpg', 0),
('141080099', NULL, 'images/photo/photo_141080099.jpg', 'Telephone Bill', 'images/addressproof/addressproof_141080099.jpg', '', 'images/admitcard/admitcard_141080099.jpg', 0),
('141080100', NULL, 'images/photo/photo_141080100.jpg', 'Telephone Bill', 'images/addressproof/addressproof_141080100.jpg', '', 'images/admitcard/admitcard_141080100.jpg', 0),
('141080101', NULL, 'images/photo/photo_141080101.jpg', 'Telephone Bill', 'images/addressproof/addressproof_141080101.jpg', '', 'images/admitcard/admitcard_141080101.jpg', 0),
('141080102', NULL, 'images/photo/photo_141080102.jpg', 'Telephone Bill', 'images/addressproof/addressproof_141080102.jpg', '', 'images/admitcard/admitcard_141080102.jpg', 0),
('141080103', NULL, 'images/photo/photo_141080103.jpg', 'Telephone Bill', 'images/addressproof/addressproof_141080103.jpg', '', 'images/admitcard/admitcard_141080103.jpg', 0),
('141080104', NULL, 'images/photo/photo_141080104.jpg', 'Telephone Bill', 'images/addressproof/addressproof_141080104.jpg', '', 'images/admitcard/admitcard_141080104.jpg', 0),
('141080105', NULL, 'images/photo/photo_141080105.jpg', 'Telephone Bill', 'images/addressproof/addressproof_141080105.jpg', '', 'images/admitcard/admitcard_141080105.jpg', 0),
('141080106', NULL, 'images/photo/photo_141080106.jpg', 'Telephone Bill', 'images/addressproof/addressproof_141080106.jpg', '', 'images/admitcard/admitcard_141080106.jpg', 0),
('141080107', NULL, 'images/photo/photo_141080107.jpg', 'Telephone Bill', 'images/addressproof/addressproof_141080107.jpg', '', 'images/admitcard/admitcard_141080107.jpg', 0),
('141080108', NULL, 'images/photo/photo_141080108.jpg', 'Telephone Bill', 'images/addressproof/addressproof_141080108.jpg', '', 'images/admitcard/admitcard_141080108.jpg', 0),
('141080109', NULL, 'images/photo/photo_141080109.jpg', 'Telephone Bill', 'images/addressproof/addressproof_141080109.jpg', '', 'images/admitcard/admitcard_141080109.jpg', 0),
('141080110', NULL, 'images/photo/photo_141080110.jpg', 'Telephone Bill', 'images/addressproof/addressproof_141080110.jpg', '', 'images/admitcard/admitcard_141080110.jpg', 0),
('141080111', NULL, 'images/photo/photo_141080111.jpg', 'Telephone Bill', 'images/addressproof/addressproof_141080111.jpg', '', 'images/admitcard/admitcard_141080111.jpg', 0),
('141080112', NULL, 'images/photo/photo_141080112.jpg', 'Telephone Bill', 'images/addressproof/addressproof_141080112.jpg', '', 'images/admitcard/admitcard_141080112.jpg', 0),
('141080113', NULL, 'images/photo/photo_141080113.jpg', 'Telephone Bill', 'images/addressproof/addressproof_141080113.jpg', '', 'images/admitcard/admitcard_141080113.jpg', 0),
('141080114', NULL, 'images/photo/photo_141080114.jpg', 'Telephone Bill', 'images/addressproof/addressproof_141080114.jpg', '', 'images/admitcard/admitcard_141080114.jpg', 0),
('141080115', NULL, 'images/photo/photo_141080115.jpg', 'Telephone Bill', 'images/addressproof/addressproof_141080115.jpg', '', 'images/admitcard/admitcard_141080115.jpg', 0),
('141080116', NULL, 'images/photo/photo_141080116.jpg', 'Telephone Bill', 'images/addressproof/addressproof_141080116.jpg', '', 'images/admitcard/admitcard_141080116.jpg', 0),
('141080117', NULL, 'images/photo/photo_141080117.jpg', 'Telephone Bill', 'images/addressproof/addressproof_141080117.jpg', '', 'images/admitcard/admitcard_141080117.jpg', 0),
('141080118', NULL, 'images/photo/photo_141080118.jpg', 'Telephone Bill', 'images/addressproof/addressproof_141080118.jpg', '', 'images/admitcard/admitcard_141080118.jpg', 0),
('141080119', NULL, 'images/photo/photo_141080119.jpg', 'Telephone Bill', 'images/addressproof/addressproof_141080119.jpg', '', 'images/admitcard/admitcard_141080119.jpg', 0),
('141080120', NULL, 'images/photo/photo_141080120.jpg', 'Telephone Bill', 'images/addressproof/addressproof_141080120.jpg', '', 'images/admitcard/admitcard_141080120.jpg', 0),
('141080121', NULL, 'images/photo/photo_141080121.jpg', 'Telephone Bill', 'images/addressproof/addressproof_141080121.jpg', '', 'images/admitcard/admitcard_141080121.jpg', 0),
('141080122', NULL, 'images/photo/photo_141080122.jpg', 'Telephone Bill', 'images/addressproof/addressproof_141080122.jpg', '', 'images/admitcard/admitcard_141080122.jpg', 0),
('141080123', NULL, 'images/photo/photo_141080123.jpg', 'Telephone Bill', 'images/addressproof/addressproof_141080123.jpg', '', 'images/admitcard/admitcard_141080123.jpg', 0),
('141080124', NULL, 'images/photo/photo_141080124.jpg', 'Telephone Bill', 'images/addressproof/addressproof_141080124.jpg', '', 'images/admitcard/admitcard_141080124.jpg', 0),
('141080125', NULL, 'images/photo/photo_141080125.jpg', 'Telephone Bill', 'images/addressproof/addressproof_141080125.jpg', '', 'images/admitcard/admitcard_141080125.jpg', 0),
('141080126', NULL, 'images/photo/photo_141080126.jpg', 'Telephone Bill', 'images/addressproof/addressproof_141080126.jpg', '', 'images/admitcard/admitcard_141080126.jpg', 0),
('141080127', NULL, 'images/photo/photo_141080127.jpg', 'Telephone Bill', 'images/addressproof/addressproof_141080127.jpg', '', 'images/admitcard/admitcard_141080127.jpg', 0),
('141080128', NULL, 'images/photo/photo_141080128.jpg', 'Telephone Bill', 'images/addressproof/addressproof_141080128.jpg', '', 'images/admitcard/admitcard_141080128.jpg', 0),
('141080129', NULL, 'images/photo/photo_141080129.jpg', 'Telephone Bill', 'images/addressproof/addressproof_141080129.jpg', '', 'images/admitcard/admitcard_141080129.jpg', 0),
('141080130', NULL, 'images/photo/photo_141080130.jpg', 'Telephone Bill', 'images/addressproof/addressproof_141080130.jpg', '', 'images/admitcard/admitcard_141080130.jpg', 0),
('141080131', NULL, 'images/photo/photo_141080131.jpg', 'Telephone Bill', 'images/addressproof/addressproof_141080131.jpg', '', 'images/admitcard/admitcard_141080131.jpg', 0);

-- --------------------------------------------------------

--
-- Table structure for table `feeapplication`
--

CREATE TABLE IF NOT EXISTS `feeapplication` (
  `RegistrationID` varchar(10) NOT NULL,
  `FeeApplication` longtext NOT NULL,
  PRIMARY KEY (`RegistrationID`)
) ENGINE=InnoDB DEFAULT CHARSET=utf8;

--
-- Dumping data for table `feeapplication`
--

INSERT INTO `feeapplication` (`RegistrationID`, `FeeApplication`) VALUES
('141080001', 'images/feeapplication/feeapplication_141080001.');

-- --------------------------------------------------------

--
-- Table structure for table `globalcomments`
--

CREATE TABLE IF NOT EXISTS `globalcomments` (
  `CommentID` int(9) NOT NULL AUTO_INCREMENT,
  `Date` date NOT NULL,
  `Time` time NOT NULL,
  `CommentBy` text NOT NULL,
  `Comment` longtext NOT NULL,
  PRIMARY KEY (`CommentID`)
) ENGINE=InnoDB  DEFAULT CHARSET=utf8 AUTO_INCREMENT=7 ;

--
-- Dumping data for table `globalcomments`
--

INSERT INTO `globalcomments` (`CommentID`, `Date`, `Time`, `CommentBy`, `Comment`) VALUES
(3, '2015-04-12', '05:47:17', '131080050', 'This is a test comment'),
(4, '2015-04-12', '05:48:08', '111080001', 'This is finally working.'),
(5, '2015-04-12', '05:49:45', '121080050', 'hello, this is a test.'),
(6, '2015-04-13', '11:45:00', '131080050', 'Test comment nce again');

-- --------------------------------------------------------

--
-- Table structure for table `logindet`
--

CREATE TABLE IF NOT EXISTS `logindet` (
  `ID` varchar(15) NOT NULL,
  `Password` varchar(25) NOT NULL,
  `Flag` int(1) NOT NULL,
  PRIMARY KEY (`ID`)
) ENGINE=InnoDB DEFAULT CHARSET=utf8;

--
-- Dumping data for table `logindet`
--

INSERT INTO `logindet` (`ID`, `Password`, `Flag`) VALUES
('1', 'vbn', 2),
('10', '10', 3),
('101', '', 3),
('11', '11', 3),
('111080001', 'test', 1),
('111080002', 'test', 1),
('111080003', 'test', 1),
('111080004', 'test', 1),
('111080005', 'test', 1),
('111080006', 'test', 1),
('111080007', 'test', 1),
('111080008', 'test', 1),
('111080009', 'test', 1),
('111080010', 'test', 1),
('111080011', 'test', 1),
('111080012', 'test', 1),
('111080013', 'test', 1),
('111080014', 'test', 1),
('111080015', 'test', 1),
('111080016', 'test', 1),
('111080017', 'test', 1),
('111080018', 'test', 1),
('111080019', 'test', 1),
('111080020', 'test', 1),
('111080021', 'test', 1),
('111080022', 'test', 1),
('111080023', 'test', 1),
('111080024', 'test', 1),
('111080025', 'test', 1),
('111080026', 'test', 1),
('111080027', 'test', 1),
('111080028', 'test', 1),
('111080029', 'test', 1),
('111080030', 'test', 1),
('111080031', 'test', 1),
('111080032', 'test', 1),
('111080033', 'test', 1),
('111080034', 'test', 1),
('111080035', 'test', 1),
('111080036', 'test', 1),
('111080037', 'test', 1),
('111080038', 'test', 1),
('111080039', 'test', 1),
('111080040', 'test', 1),
('111080041', 'test', 1),
('111080042', 'test', 1),
('111080043', 'test', 1),
('111080044', 'test', 1),
('111080045', 'test', 1),
('111080046', 'test', 1),
('111080047', 'test', 1),
('111080048', 'test', 1),
('111080049', 'test', 1),
('111080050', 'test', 1),
('111080051', 'test', 1),
('111080052', 'test', 1),
('111080053', 'test', 1),
('111080054', 'test', 1),
('111080055', 'test', 1),
('111080056', 'test', 1),
('111080057', 'test', 1),
('111080058', 'test', 1),
('111080059', 'test', 1),
('111080060', 'test', 1),
('111080061', 'test', 1),
('111080062', 'test', 1),
('111080063', 'test', 1),
('111080064', 'test', 1),
('111080065', 'test', 1),
('111080066', 'test', 1),
('111080067', 'test', 1),
('111080068', 'test', 1),
('111080069', 'test', 1),
('111080070', 'test', 1),
('111080071', 'test', 1),
('111080072', 'test', 1),
('111080073', 'test', 1),
('111080074', 'test', 1),
('111080075', 'test', 1),
('111080076', 'test', 1),
('111080077', 'test', 1),
('111080078', 'test', 1),
('111080079', 'test', 1),
('111080080', 'test', 1),
('111080081', 'test', 1),
('111080082', 'test', 1),
('111080083', 'test', 1),
('111080084', 'test', 1),
('111080085', 'test', 1),
('111080086', 'test', 1),
('111080087', 'test', 1),
('111080088', 'test', 1),
('111080089', 'test', 1),
('111080090', 'test', 1),
('111080091', 'test', 1),
('111080092', 'test', 1),
('111080093', 'test', 1),
('111080094', 'test', 1),
('111080095', 'test', 1),
('111080096', 'test', 1),
('111080097', 'test', 1),
('111080098', 'test', 1),
('111080099', 'test', 1),
('111080100', 'test', 1),
('111080101', 'test', 1),
('111080102', 'test', 1),
('111080103', 'test', 1),
('111080104', 'test', 1),
('111080105', 'test', 1),
('111080106', 'test', 1),
('111080107', 'test', 1),
('111080108', 'test', 1),
('111080109', 'test', 1),
('111080110', 'test', 1),
('111080111', 'test', 1),
('111080112', 'test', 1),
('111080113', 'test', 1),
('111080114', 'test', 1),
('111080115', 'test', 1),
('111080116', 'test', 1),
('111080117', 'test', 1),
('111080118', 'test', 1),
('111080119', 'test', 1),
('111080120', 'test', 1),
('111080121', 'test', 1),
('111080122', 'test', 1),
('111080123', 'test', 1),
('111080124', 'test', 1),
('111080125', 'test', 1),
('111080126', 'test', 1),
('111080127', 'test', 1),
('111080128', 'test', 1),
('111080129', 'test', 1),
('111080130', 'test', 1),
('111080131', 'test', 1),
('111080132', 'test', 1),
('121080001', 'test', 1),
('121080002', 'test', 1),
('121080003', 'test', 1),
('121080004', 'test', 1),
('121080005', 'test', 1),
('121080006', 'test', 1),
('121080007', 'test', 1),
('121080008', 'test', 1),
('121080009', 'test', 1),
('121080010', 'test', 1),
('121080011', 'test', 1),
('121080012', 'test', 1),
('121080013', 'test', 1),
('121080014', 'test', 1),
('121080015', 'test', 1),
('121080016', 'test', 1),
('121080017', 'test', 1),
('121080018', 'test', 1),
('121080019', 'test', 1),
('121080020', 'test', 1),
('121080021', 'test', 1),
('121080022', 'test', 1),
('121080023', 'test', 1),
('121080024', 'test', 1),
('121080025', 'test', 1),
('121080026', 'test', 1),
('121080027', 'test', 1),
('121080028', 'test', 1),
('121080029', 'test', 1),
('121080030', 'test', 1),
('121080031', 'test', 1),
('121080032', 'test', 1),
('121080033', 'test', 1),
('121080034', 'test', 1),
('121080035', 'test', 1),
('121080036', 'test', 1),
('121080037', 'test', 1),
('121080038', 'test', 1),
('121080039', 'test', 1),
('121080040', 'test', 1),
('121080041', 'test', 1),
('121080042', 'test', 1),
('121080043', 'test', 1),
('121080044', 'test', 1),
('121080045', 'test', 1),
('121080046', 'test', 1),
('121080047', 'test', 1),
('121080048', 'test', 1),
('121080049', 'test', 1),
('121080050', 'test', 1),
('121080051', 'test', 1),
('121080052', 'test', 1),
('121080053', 'test', 1),
('121080054', 'test', 1),
('121080055', 'test', 1),
('121080056', 'test', 1),
('121080057', 'test', 1),
('121080058', 'test', 1),
('121080059', 'test', 1),
('121080060', 'test', 1),
('121080061', 'test', 1),
('121080062', 'test', 1),
('121080063', 'test', 1),
('121080064', 'test', 1),
('121080065', 'test', 1),
('121080066', 'test', 1),
('121080067', 'test', 1),
('121080068', 'test', 1),
('121080069', 'test', 1),
('121080070', 'test', 1),
('121080071', 'test', 1),
('121080072', 'test', 1),
('121080073', 'test', 1),
('121080074', 'test', 1),
('121080075', 'test', 1),
('121080076', 'test', 1),
('121080077', 'test', 1),
('121080078', 'test', 1),
('121080079', 'test', 1),
('121080080', 'test', 1),
('121080081', 'test', 1),
('121080082', 'test', 1),
('121080083', 'test', 1),
('121080084', 'test', 1),
('121080085', 'test', 1),
('121080086', 'test', 1),
('121080087', 'test', 1),
('121080088', 'test', 1),
('121080089', 'test', 1),
('121080090', 'test', 1),
('121080091', 'test', 1),
('121080092', 'test', 1),
('121080093', 'test', 1),
('121080094', 'test', 1),
('121080095', 'test', 1),
('121080096', 'test', 1),
('121080097', 'test', 1),
('121080098', 'test', 1),
('121080099', 'test', 1),
('121080100', 'test', 1),
('121080101', 'test', 1),
('121080102', 'test', 1),
('121080103', 'test', 1),
('121080104', 'test', 1),
('121080105', 'test', 1),
('121080106', 'test', 1),
('121080107', 'test', 1),
('121080108', 'test', 1),
('121080109', 'test', 1),
('121080110', 'test', 1),
('121080111', 'test', 1),
('121080112', 'test', 1),
('121080113', 'test', 1),
('121080114', 'test', 1),
('121080115', 'test', 1),
('121080116', 'test', 1),
('121080117', 'test', 1),
('121080118', 'test', 1),
('121080119', 'test', 1),
('121080120', 'test', 1),
('121080121', 'test', 1),
('121080122', 'test', 1),
('121080123', 'test', 1),
('121080124', 'test', 1),
('121080125', 'test', 1),
('121080126', 'test', 1),
('121080127', 'test', 1),
('121080128', 'test', 1),
('121080129', 'test', 1),
('121080130', 'test', 1),
('121080131', 'test', 1),
('121080132', 'test', 1),
('121080133', 'test', 1),
('121080134', 'test', 1),
('121080135', 'test', 1),
('121080136', 'test', 1),
('121080137', 'test', 1),
('121080138', 'test', 1),
('123', 'test', 4),
('131080001', 'test', 1),
('131080002', 'test', 1),
('131080003', 'test', 1),
('131080004', 'test', 1),
('131080005', 'test', 1),
('131080006', 'test', 1),
('131080007', 'test', 1),
('131080008', 'test', 1),
('131080009', 'test', 1),
('131080010', 'test', 1),
('131080011', 'test', 1),
('131080012', 'test', 1),
('131080013', 'test', 1),
('131080014', 'test', 1),
('131080015', 'test', 1),
('131080016', 'test', 1),
('131080017', 'test', 1),
('131080018', 'test', 1),
('131080019', 'test', 1),
('131080020', 'test', 1),
('131080021', 'test', 1),
('131080022', 'test', 1),
('131080023', 'test', 1),
('131080024', 'test', 1),
('131080025', 'test', 1),
('131080026', 'test', 1),
('131080027', 'test', 1),
('131080028', 'test', 1),
('131080029', 'test', 1),
('131080030', 'test', 1),
('131080031', 'test', 1),
('131080032', 'test', 1),
('131080033', 'test', 1),
('131080034', 'test', 1),
('131080035', 'test', 1),
('131080036', 'test', 1),
('131080037', 'test', 1),
('131080038', 'test', 1),
('131080039', 'test', 1),
('131080040', 'test', 1),
('131080041', 'test', 1),
('131080042', 'test', 1),
('131080043', 'test', 1),
('131080044', 'test', 1),
('131080045', 'test', 1),
('131080046', 'test', 1),
('131080047', 'test', 1),
('131080048', 'test', 1),
('131080049', 'test', 1),
('131080050', 'test', 1),
('131080051', 'test', 1),
('131080052', 'test', 1),
('131080053', 'test', 1),
('131080054', 'test', 1),
('131080055', 'test', 1),
('131080056', 'test', 1),
('131080057', 'test', 1),
('131080058', 'test', 1),
('131080059', 'test', 1),
('131080060', 'test', 1),
('131080061', 'test', 1),
('131080062', 'test', 1),
('131080063', 'test', 1),
('131080064', 'test', 1),
('131080065', 'test', 1),
('131080066', 'test', 1),
('131080067', 'test', 1),
('131080068', 'test', 1),
('131080069', 'test', 1),
('131080070', 'test', 1),
('131080071', 'test', 1),
('131080072', 'test', 1),
('131080073', 'test', 1),
('131080074', 'test', 1),
('131080075', 'test', 1),
('131080076', 'test', 1),
('131080077', 'test', 1),
('131080078', 'test', 1),
('131080079', 'test', 1),
('131080080', 'test', 1),
('131080081', 'test', 1),
('131080082', 'test', 1),
('131080083', 'test', 1),
('131080084', 'test', 1),
('131080085', 'test', 1),
('131080086', 'test', 1),
('131080087', 'test', 1),
('131080088', 'test', 1),
('131080089', 'test', 1),
('131080090', 'test', 1),
('131080091', 'test', 1),
('131080092', 'test', 1),
('131080093', 'test', 1),
('131080094', 'test', 1),
('131080095', 'test', 1),
('131080096', 'test', 1),
('131080097', 'test', 1),
('131080098', 'test', 1),
('131080099', 'test', 1),
('131080100', 'test', 1),
('131080101', 'test', 1),
('131080102', 'test', 1),
('131080103', 'test', 1),
('131080104', 'test', 1),
('131080105', 'test', 1),
('131080106', 'test', 1),
('131080107', 'test', 1),
('131080108', 'test', 1),
('131080109', 'test', 1),
('131080110', 'test', 1),
('131080111', 'test', 1),
('131080112', 'test', 1),
('131080113', 'test', 1),
('131080114', 'test', 1),
('131080115', 'test', 1),
('131080116', 'test', 1),
('131080117', 'test', 1),
('131080118', 'test', 1),
('131080119', 'test', 1),
('131080120', 'test', 1),
('131080121', 'test', 1),
('131080122', 'test', 1),
('131080123', 'test', 1),
('131080124', 'test', 1),
('131080125', 'test', 1),
('131080126', 'test', 1),
('131080127', 'test', 1),
('131080128', 'test', 1),
('131080129', 'test', 1),
('131080130', 'test', 1),
('141080001', 'test', 1),
('141080002', 'test', 1),
('141080003', 'test', 1),
('141080004', 'test', 1),
('141080005', 'test', 1),
('141080006', 'test', 1),
('141080007', 'test', 1),
('141080008', 'test', 1),
('141080009', 'test', 1),
('141080010', 'test', 1),
('141080011', 'test', 1),
('141080012', 'test', 1),
('141080013', 'test', 1),
('141080014', 'test', 1),
('141080015', 'test', 1),
('141080016', 'test', 1),
('141080017', 'test', 1),
('141080018', 'test', 1),
('141080019', 'test', 1),
('141080020', 'test', 1),
('141080021', 'test', 1),
('141080022', 'test', 1),
('141080023', 'test', 1),
('141080024', 'test', 1),
('141080025', 'test', 1),
('141080026', 'test', 1),
('141080027', 'test', 1),
('141080028', 'test', 1),
('141080029', 'test', 1),
('141080030', 'test', 1),
('141080031', 'test', 1),
('141080032', 'test', 1),
('141080033', 'test', 1),
('141080034', 'test', 1),
('141080035', 'test', 1),
('141080036', 'test', 1),
('141080037', 'test', 1),
('141080038', 'test', 1),
('141080039', 'test', 1),
('141080040', 'test', 1),
('141080041', 'test', 1),
('141080042', 'test', 1),
('141080043', 'test', 1),
('141080044', 'test', 1),
('141080045', 'test', 1),
('141080046', 'test', 1),
('141080047', 'test', 1),
('141080048', 'test', 1),
('141080049', 'test', 1),
('141080050', 'test', 1),
('141080051', 'test', 1),
('141080052', 'test', 1),
('141080053', 'test', 1),
('141080054', 'test', 1),
('141080055', 'test', 1),
('141080056', 'test', 1),
('141080057', 'test', 1),
('141080058', 'test', 1),
('141080059', 'test', 1),
('141080060', 'test', 1),
('141080061', 'test', 1),
('141080062', 'test', 1),
('141080063', 'test', 1),
('141080064', 'test', 1),
('141080065', 'test', 1),
('141080066', 'test', 1),
('141080067', 'test', 1),
('141080068', 'test', 1),
('141080069', 'test', 1),
('141080070', 'test', 1),
('141080071', 'test', 1),
('141080072', 'test', 1),
('141080073', 'test', 1),
('141080074', 'test', 1),
('141080075', 'test', 1),
('141080076', 'test', 1),
('141080077', 'test', 1),
('141080078', 'test', 1),
('141080079', 'test', 1),
('141080080', 'test', 1),
('141080081', 'test', 1),
('141080082', 'test', 1),
('141080083', 'test', 1),
('141080084', 'test', 1),
('141080085', 'test', 1),
('141080086', 'test', 1),
('141080087', 'test', 1),
('141080088', 'test', 1),
('141080089', 'test', 1),
('141080090', 'test', 1),
('141080091', 'test', 1),
('141080092', 'test', 1),
('141080093', 'test', 1),
('141080094', 'test', 1),
('141080095', 'test', 1),
('141080096', 'test', 1),
('141080097', 'test', 1),
('141080098', 'test', 1),
('141080099', 'test', 1),
('141080100', 'test', 1),
('141080101', 'test', 1),
('141080102', 'test', 1),
('141080103', 'test', 1),
('141080104', 'test', 1),
('141080105', 'test', 1),
('141080106', 'test', 1),
('141080107', 'test', 1),
('141080108', 'test', 1),
('141080109', 'test', 1),
('141080110', 'test', 1),
('141080111', 'test', 1),
('141080112', 'test', 1),
('141080113', 'test', 1),
('141080114', 'test', 1),
('141080115', 'test', 1),
('141080116', 'test', 1),
('141080117', 'test', 1),
('141080118', 'test', 1),
('141080119', 'test', 1),
('141080120', 'test', 1),
('141080121', 'test', 1),
('141080122', 'test', 1),
('141080123', 'test', 1),
('141080124', 'test', 1),
('141080125', 'test', 1),
('141080126', 'test', 1),
('141080127', 'test', 1),
('141080128', 'test', 1),
('141080129', 'test', 1),
('141080130', 'test', 1),
('141080131', 'test', 1),
('2', '2', 3),
('3', '3', 3),
('4', '4', 3),
('5', '5', 3),
('6', '6', 3),
('99', 'juhi', 3);

-- --------------------------------------------------------

--
-- Table structure for table `notice`
--

CREATE TABLE IF NOT EXISTS `notice` (
  `SerialNo` int(11) NOT NULL AUTO_INCREMENT,
  `Date` date NOT NULL,
  `Subject` text NOT NULL,
  `Path` text NOT NULL,
  PRIMARY KEY (`SerialNo`)
) ENGINE=InnoDB  DEFAULT CHARSET=utf8 AUTO_INCREMENT=5 ;

--
-- Dumping data for table `notice`
--

INSERT INTO `notice` (`SerialNo`, `Date`, `Subject`, `Path`) VALUES
(3, '2015-04-12', 'Placement Details', 'notice/2015-04-12_Placement Details.pdf'),
(4, '2015-04-12', 'Resume Format', 'notice/2015-04-12_Resume Format.pdf');

-- --------------------------------------------------------

--
-- Table structure for table `room`
--

CREATE TABLE IF NOT EXISTS `room` (
  `Block` int(11) DEFAULT NULL,
  `RoomNo` int(11) DEFAULT NULL,
  `vacancy` int(11) DEFAULT NULL
) ENGINE=InnoDB DEFAULT CHARSET=utf8;

--
-- Dumping data for table `room`
--

INSERT INTO `room` (`Block`, `RoomNo`, `vacancy`) VALUES
(1, 2, 0),
(1, 3, 0),
(1, 4, 0),
(1, 5, 0),
(1, 6, 0),
(1, 7, 0),
(1, 8, 0),
(1, 9, 0),
(1, 10, 0),
(1, 11, 0),
(1, 12, 0),
(1, 13, 0),
(1, 14, 0),
(1, 15, 0),
(1, 16, 0),
(1, 17, 0),
(1, 18, 0),
(1, 19, 0),
(1, 20, 0),
(1, 21, 0),
(1, 22, 0),
(1, 23, 0),
(1, 24, 0),
(1, 25, 0),
(1, 26, 0),
(1, 27, 0),
(1, 28, 0),
(1, 29, 0),
(1, 30, 0),
(1, 31, 0),
(1, 32, 0),
(1, 33, 0),
(1, 34, 0),
(1, 35, 0),
(1, 36, 0),
(1, 37, 0),
(1, 38, 0),
(1, 39, 0),
(1, 40, 0),
(1, 41, 0),
(1, 42, 0),
(1, 43, 0),
(1, 44, 0),
(1, 45, 0),
(1, 46, 0),
(1, 47, 0),
(1, 48, 0),
(1, 49, 0),
(1, 50, 0),
(1, 51, 0),
(1, 52, 0),
(1, 53, 0),
(1, 54, 0),
(1, 55, 0),
(1, 56, 0),
(1, 57, 0),
(1, 58, 0),
(1, 59, 0),
(1, 60, 0),
(1, 61, 0),
(1, 62, 0),
(1, 63, 0),
(1, 64, 0),
(2, 2, 0),
(2, 3, 0),
(2, 4, 0),
(2, 5, 0),
(2, 6, 0),
(2, 7, 0),
(2, 8, 0),
(2, 9, 0),
(2, 10, 0),
(2, 11, 0),
(2, 12, 0),
(2, 13, 0),
(2, 14, 0),
(2, 15, 0),
(2, 16, 0),
(2, 17, 0),
(2, 18, 0),
(2, 19, 0),
(2, 20, 0),
(2, 21, 0),
(2, 22, 0),
(2, 23, 0),
(2, 24, 0),
(2, 25, 0),
(2, 26, 0),
(2, 27, 0),
(2, 28, 0),
(2, 29, 0),
(2, 30, 0),
(2, 31, 0),
(2, 32, 0),
(2, 33, 0),
(2, 34, 0),
(2, 35, 0),
(2, 36, 0),
(2, 37, 0),
(2, 38, 0),
(2, 39, 0),
(2, 40, 0),
(2, 41, 0),
(2, 42, 0),
(2, 43, 0),
(2, 44, 0),
(2, 45, 0),
(2, 46, 0),
(2, 47, 0),
(2, 48, 0),
(2, 49, 0),
(2, 50, 0),
(2, 51, 0),
(2, 52, 0),
(2, 53, 0),
(2, 54, 0),
(2, 55, 0),
(2, 56, 0),
(2, 57, 0),
(2, 58, 0),
(2, 59, 0),
(2, 60, 0),
(2, 61, 0),
(2, 62, 0),
(2, 63, 0),
(2, 64, 0);

-- --------------------------------------------------------

--
-- Table structure for table `seatsoccupied`
--

CREATE TABLE IF NOT EXISTS `seatsoccupied` (
  `Branch` varchar(50) NOT NULL,
  `OpenOBC` int(11) NOT NULL DEFAULT '8',
  `OpenOBCOccu` int(11) NOT NULL DEFAULT '0',
  `SC` int(11) NOT NULL DEFAULT '1',
  `SCOccu` int(11) NOT NULL DEFAULT '0',
  `ST` int(11) NOT NULL DEFAULT '1',
  `STOccu` int(11) NOT NULL DEFAULT '0',
  `VJDTNT` int(11) NOT NULL DEFAULT '1',
  `VJDTNTOccu` int(11) NOT NULL DEFAULT '0',
  `Club` int(11) NOT NULL DEFAULT '1',
  `ClubOccu` int(11) NOT NULL DEFAULT '0',
  `OpenOBCDate` date NOT NULL,
  `STDate` date NOT NULL,
  `VJNTDate` date NOT NULL,
  `SCDate` date NOT NULL
) ENGINE=InnoDB DEFAULT CHARSET=utf8;

--
-- Dumping data for table `seatsoccupied`
--

INSERT INTO `seatsoccupied` (`Branch`, `OpenOBC`, `OpenOBCOccu`, `SC`, `SCOccu`, `ST`, `STOccu`, `VJDTNT`, `VJDTNTOccu`, `Club`, `ClubOccu`, `OpenOBCDate`, `STDate`, `VJNTDate`, `SCDate`) VALUES
('Electronics and Telecommunications', 8, 0, 1, 0, 1, 0, 1, 0, 1, 0, '0000-00-00', '0000-00-00', '0000-00-00', '0000-00-00'),
('Information Technology', 8, 0, 1, 0, 1, 0, 1, 0, 1, 0, '0000-00-00', '0000-00-00', '0000-00-00', '0000-00-00'),
('Electrical', 8, 0, 1, 0, 1, 0, 1, 0, 1, 0, '0000-00-00', '0000-00-00', '0000-00-00', '0000-00-00'),
('Electronics', 8, 0, 1, 0, 1, 0, 1, 0, 1, 0, '0000-00-00', '0000-00-00', '0000-00-00', '0000-00-00'),
('Computers', 8, 0, 1, 0, 1, 0, 1, 0, 1, 0, '0000-00-00', '0000-00-00', '0000-00-00', '0000-00-00'),
('Civil', 8, 0, 1, 0, 1, 0, 1, 0, 1, 0, '0000-00-00', '0000-00-00', '0000-00-00', '0000-00-00'),
('Mechanical', 8, 0, 1, 0, 1, 0, 1, 0, 1, 0, '0000-00-00', '0000-00-00', '0000-00-00', '0000-00-00'),
('Production', 8, 6, 1, 0, 1, 0, 1, 0, 1, 0, '0000-00-00', '0000-00-00', '0000-00-00', '0000-00-00'),
('Textile', 8, 0, 1, 0, 1, 0, 1, 0, 1, 0, '0000-00-00', '0000-00-00', '0000-00-00', '0000-00-00');

-- --------------------------------------------------------

--
-- Table structure for table `studentsdet`
--

CREATE TABLE IF NOT EXISTS `studentsdet` (
  `RegistrationID` varchar(10) NOT NULL,
  `FirstName` varchar(25) NOT NULL,
  `MiddleName` varchar(25) DEFAULT NULL,
  `LastName` varchar(25) NOT NULL,
  `HostelRoomNo` varchar(4) DEFAULT NULL,
  `Course` text NOT NULL,
  `Programme` varchar(20) NOT NULL,
  `Branch` varchar(50) NOT NULL,
  `DOB` date NOT NULL,
  `CETMarks` int(3) DEFAULT NULL,
  `MeritNo` int(6) DEFAULT NULL,
  `Semester` varchar(5) NOT NULL,
  `Category` varchar(10) NOT NULL,
  `Address` text NOT NULL,
  `District` text NOT NULL,
  `State` text NOT NULL,
  `PhoneNo` varchar(10) NOT NULL,
  `ParentsPhoneNo` varchar(10) NOT NULL,
  `EmailID` varchar(30) NOT NULL,
  `Status` int(1) NOT NULL DEFAULT '0',
  `Gender` varchar(1) NOT NULL DEFAULT 'M',
  PRIMARY KEY (`RegistrationID`)
) ENGINE=InnoDB DEFAULT CHARSET=utf8;

--
-- Dumping data for table `studentsdet`
--

INSERT INTO `studentsdet` (`RegistrationID`, `FirstName`, `MiddleName`, `LastName`, `HostelRoomNo`, `Course`, `Programme`, `Branch`, `DOB`, `CETMarks`, `MeritNo`, `Semester`, `Category`, `Address`, `District`, `State`, `PhoneNo`, `ParentsPhoneNo`, `EmailID`, `Status`, `Gender`) VALUES
('111080001', 'DIGAMBAR', 'RAJENDRA', 'SONAWANE', 'D-10', 'B.Tech', 'Fourth Year', 'Computers', '1996-04-23', 187, 299, 'VII', 'NT', '20/22-4, Orange Market, Nagpur', 'Nagpur', 'Maharashtra', '9876543210', '9638527410', 'prabhatdivekar@gmail.com', -1, 'M'),
('111080002', 'AJINKYA', 'VASANTRAO', 'PATIL', 'D-10', 'B.Tech', 'Fourth Year', 'Civil', '1996-04-24', 187, 298, 'VII', 'OBC', '20/22-4, Orange Market, Nagpur', 'Nagpur', 'Maharashtra', '9876543210', '9638527410', 'prabhatdivekar@gmail.com', 3, 'M'),
('111080003', 'ROHIT', 'BHASKAR', 'MUNDE', 'D-10', 'B.Tech', 'Fourth Year', 'Civil', '1996-04-25', 187, 297, 'VII', 'NT', '20/22-4, Orange Market, Nagpur', 'Nagpur', 'Maharashtra', '9876543210', '9638527410', 'prabhatdivekar@gmail.com', 3, 'M'),
('111080004', 'SACHIN', 'DASHRATHRAO', 'AITALWAD', 'D-10', 'B.Tech', 'Fourth Year', 'Civil', '1996-04-26', 187, 296, 'VII', 'NT', '20/22-4, Orange Market, Nagpur', 'Nagpur', 'Maharashtra', '9876543210', '9638527410', 'prabhatdivekar@gmail.com', 3, 'M'),
('111080005', 'UMESH', 'DNYANOBARAO', 'PAWAR', 'D-10', 'B.Tech', 'Fourth Year', 'Computers', '1996-04-27', 187, 295, 'VII', 'Open', '20/22-4, Orange Market, Nagpur', 'Nagpur', 'Maharashtra', '9876543210', '9638527410', 'prabhatdivekar@gmail.com', 3, 'M'),
('111080006', 'MAHESH', 'PANDURANG', 'CHAVAN', 'D-10', 'B.Tech', 'Fourth Year', 'Computers', '1996-04-28', 187, 294, 'VII', 'VJ', '20/22-4, Orange Market, Nagpur', 'Nagpur', 'Maharashtra', '9876543210', '9638527410', 'prabhatdivekar@gmail.com', 3, 'M'),
('111080007', 'RAHUL', 'BHAGWAN', 'PATIL', 'D-10', 'B.Tech', 'Fourth Year', 'Civil', '1996-04-29', 187, 293, 'VII', 'OBC', '20/22-4, Orange Market, Nagpur', 'Nagpur', 'Maharashtra', '9876543210', '9638527410', 'prabhatdivekar@gmail.com', 3, 'M'),
('111080008', 'SAIPRASAD', 'VENKATESH', 'GORE', 'D-10', 'B.Tech', 'Fourth Year', 'Civil', '1996-04-30', 187, 292, 'VII', 'SC', '20/22-4, Orange Market, Nagpur', 'Nagpur', 'Maharashtra', '9876543210', '9638527410', 'prabhatdivekar@gmail.com', 3, 'M'),
('111080009', 'SUMIT', 'SAKHARAM', 'RAUT', 'D-10', 'B.Tech', 'Fourth Year', 'Civil', '1996-05-01', 187, 291, 'VII', 'SC', '20/22-4, Orange Market, Nagpur', 'Nagpur', 'Maharashtra', '9876543210', '9638527410', 'prabhatdivekar@gmail.com', 3, 'M'),
('111080010', 'SANDEEPKUMAR', 'GOVINDRAO', 'PATIL', 'D-10', 'B.Tech', 'Fourth Year', 'Production', '1996-05-02', 187, 290, 'VII', 'Open', '20/22-4, Orange Market, Nagpur', 'Nagpur', 'Maharashtra', '9876543210', '9638527410', 'prabhatdivekar@gmail.com', 3, 'M'),
('111080011', 'NITIN', 'TIKARAM', 'RANE', 'D-10', 'B.Tech', 'Fourth Year', 'Production', '1996-05-03', 187, 289, 'VII', 'OBC', '20/22-4, Orange Market, Nagpur', 'Nagpur', 'Maharashtra', '9876543210', '9638527410', 'prabhatdivekar@gmail.com', 3, 'M'),
('111080012', 'NITIN', 'VIJAYKUMAR', 'BIDKAR', 'D-10', 'B.Tech', 'Fourth Year', 'Information Technology', '1996-05-04', 187, 288, 'VII', 'OBC', '14, Dehradun Heights, Vikas Society, Nashik', 'Nashik', 'Maharashtra', '9876543210', '9638527410', 'prabhatdivekar@gmail.com', 3, 'M'),
('111080013', 'YOGANAND', 'LAXMIKANT', 'PATHRIKAR', 'D-10', 'B.Tech', 'Fourth Year', 'Mechanical', '1996-05-05', 187, 287, 'VII', 'Open', '14, Dehradun Heights, Vikas Society, Nashik', 'Nashik', 'Maharashtra', '9876543210', '9638527410', 'prabhatdivekar@gmail.com', 3, 'M'),
('111080014', 'SHAILESH', 'RAMRAO', 'BANGAR', 'D-10', 'B.Tech', 'Fourth Year', 'Civil', '1996-05-06', 187, 286, 'VII', 'NT', '14, Dehradun Heights, Vikas Society, Nashik', 'Nashik', 'Maharashtra', '9876543210', '9638527410', 'prabhatdivekar@gmail.com', 3, 'M'),
('111080015', 'AKSHAY', 'SHAM', 'KAMBLE', 'D-10', 'B.Tech', 'Fourth Year', 'Mechanical', '1996-05-07', 187, 285, 'VII', 'ST', '14, Dehradun Heights, Vikas Society, Nashik', 'Nashik', 'Maharashtra', '9876543210', '9638527410', 'prabhatdivekar@gmail.com', 3, 'M'),
('111080016', 'ASHISH', 'GOPAL', 'KHANDELWAL', 'D-10', 'B.Tech', 'Fourth Year', 'Computers', '1996-05-11', 187, 281, 'VII', 'Open', '14, Dehradun Heights, Vikas Society, Nashik', 'Nashik', 'Maharashtra', '9876543210', '9638527410', 'prabhatdivekar@gmail.com', 3, 'M'),
('111080017', 'MAHESH', 'SHRIDHARRAO', 'CHAVAN', 'D-10', 'B.Tech', 'Fourth Year', 'Civil', '1996-05-12', 187, 280, 'VII', 'Open', '14, Dehradun Heights, Vikas Society, Nashik', 'Nashik', 'Maharashtra', '9876543210', '9638527410', 'prabhatdivekar@gmail.com', 3, 'M'),
('111080018', 'OMKAR', 'PADMAKAR', 'JOSHI', 'D-10', 'B.Tech', 'Fourth Year', 'Electronics and Telecommunications', '1996-05-13', 187, 279, 'VII', 'Open', '14, Dehradun Heights, Vikas Society, Nashik', 'Nashik', 'Maharashtra', '9876543210', '9638527410', 'prabhatdivekar@gmail.com', 3, 'M'),
('111080019', 'HARSHAL', 'SUNIL', 'KULKARNI', 'D-11', 'B.Tech', 'Fourth Year', 'Textile', '1996-06-01', 187, 268, 'VII', 'Open', '14, Dehradun Heights, Vikas Society, Nashik', 'Nashik', 'Maharashtra', '9876543210', '9638527410', 'prabhatdivekar@gmail.com', 3, 'M'),
('111080020', 'SANDEEPKUMAR', 'MOHANLAL', 'SHAHU', 'D-11', 'B.Tech', 'Fourth Year', 'Electrical', '1996-06-02', 187, 267, 'VII', 'Open', '14, Dehradun Heights, Vikas Society, Nashik', 'Nashik', 'Maharashtra', '9876543210', '9638527410', 'prabhatdivekar@gmail.com', 3, 'M'),
('111080021', 'YOGESH', 'SADASHIVRAO', 'MARAWAR', 'D-11', 'B.Tech', 'Fourth Year', 'Production', '1996-06-03', 187, 266, 'VII', 'SBC', '14, Dehradun Heights, Vikas Society, Nashik', 'Nashik', 'Maharashtra', '9876543210', '9638527410', 'prabhatdivekar@gmail.com', -1, 'M'),
('111080022', 'SOMNATH', 'NANDU', 'MALI', 'D-12', 'B.Tech', 'Fourth Year', 'Mechanical', '1996-07-05', 187, 241, 'VII', 'OBC', '14, Dehradun Heights, Vikas Society, Nashik', 'Nashik', 'Maharashtra', '9876543210', '9638527410', 'prabhatdivekar@gmail.com', -1, 'M'),
('111080023', 'PRAVIN', 'NANA', 'THITE', 'D-12', 'B.Tech', 'Fourth Year', 'Mechanical', '1996-07-06', 187, 240, 'VII', 'NT', '14, Dehradun Heights, Vikas Society, Nashik', 'Nashik', 'Maharashtra', '9876543210', '9638527410', 'prabhatdivekar@gmail.com', 3, 'M'),
('111080024', 'SWAPNIL', 'ARUN', 'BORSE', 'D-20', 'B.Tech', 'Fourth Year', 'Computers', '1996-07-07', 187, 239, 'VII', 'Open', '14, Dehradun Heights, Vikas Society, Nashik', 'Nashik', 'Maharashtra', '9876543210', '9638527410', 'prabhatdivekar@gmail.com', 3, 'M'),
('111080025', 'YASH', 'RADHESHYAM', 'SHARMA', 'D-20', 'B.Tech', 'Fourth Year', 'Information Technology', '1996-07-08', 187, 238, 'VII', 'Open', '14, Dehradun Heights, Vikas Society, Nashik', 'Nashik', 'Maharashtra', '9876543210', '9638527410', 'prabhatdivekar@gmail.com', 3, 'M'),
('111080026', 'ADITYA', 'HEMANT', 'KADAM', 'D-20', 'B.Tech', 'Fourth Year', 'Production', '1996-07-09', 187, 237, 'VII', 'NT', '14, Dehradun Heights, Vikas Society, Nashik', 'Nashik', 'Maharashtra', '9876543210', '9638527410', 'prabhatdivekar@gmail.com', 3, 'M'),
('111080027', 'ANIMESH', 'JAYANT', 'CHANDSARKAR', 'D-20', 'B.Tech', 'Fourth Year', 'Civil', '1996-07-10', 187, 236, 'VII', 'OBC', '14, Dehradun Heights, Vikas Society, Nashik', 'Nashik', 'Maharashtra', '9876543210', '9638527410', 'prabhatdivekar@gmail.com', 3, 'M'),
('111080028', 'ROHAN', 'ANILKUMAR', 'JANYARAM', 'D-20', 'B.Tech', 'Fourth Year', 'Electronics', '1996-07-11', 187, 235, 'VII', 'SBC', '14, Dehradun Heights, Vikas Society, Nashik', 'Nashik', 'Maharashtra', '9876543210', '9638527410', 'prabhatdivekar@gmail.com', 3, 'M'),
('111080029', 'SHUBHAM', 'KAILAS', 'GADE', 'D-20', 'B.Tech', 'Fourth Year', 'Mechanical', '1996-07-12', 187, 234, 'VII', 'Open', '14, Dehradun Heights, Vikas Society, Nashik', 'Nashik', 'Maharashtra', '9876543210', '9638527410', 'prabhatdivekar@gmail.com', 3, 'M'),
('111080030', 'ROHIT', 'DASHARATH', 'BIRHADE', 'D-20', 'B.Tech', 'Fourth Year', 'Mechanical', '1996-07-16', 187, 1, 'VII', 'NT', '14, Dehradun Heights, Vikas Society, Nashik', 'Nashik', 'Maharashtra', '9876543210', '9638527410', 'prabhatdivekar@gmail.com', -1, 'M'),
('111080031', 'PARAG', 'SATISH', 'NARKHEDE', 'D-20', 'B.Tech', 'Fourth Year', 'Mechanical', '1996-07-17', 187, 2, 'VII', 'OBC', '14, Dehradun Heights, Vikas Society, Nashik', 'Nashik', 'Maharashtra', '9876543210', '9638527410', 'prabhatdivekar@gmail.com', 3, 'M'),
('111080032', 'NITIN', 'NAMDEV', 'CHAVAN', 'D-20', 'B.Tech', 'Fourth Year', 'Mechanical', '1996-07-18', 187, 3, 'VII', 'VJ', '14, Dehradun Heights, Vikas Society, Nashik', 'Nashik', 'Maharashtra', '9876543210', '9638527410', 'prabhatdivekar@gmail.com', 3, 'M'),
('111080033', 'SANKET', 'MOHAN', 'BODH', 'D-20', 'B.Tech', 'Fourth Year', 'Mechanical', '1996-07-19', 187, 4, 'VII', 'OBC', '14, Dehradun Heights, Vikas Society, Nashik', 'Nashik', 'Maharashtra', '9876543210', '9638527410', 'prabhatdivekar@gmail.com', 3, 'M'),
('111080034', 'KAPIL', 'SURESH', 'DALVI', 'D-20', 'B.Tech', 'Fourth Year', 'Mechanical', '1996-07-20', 187, 5, 'VII', 'OBC', '14, Dehradun Heights, Vikas Society, Nashik', 'Nashik', 'Maharashtra', '9876543210', '9638527410', 'prabhatdivekar@gmail.com', 3, 'M'),
('111080035', 'GAURAV', 'KISHORKUMAR', 'VAID', 'D-20', 'B.Tech', 'Fourth Year', 'Mechanical', '1996-07-21', 187, 6, 'VII', 'Open', '14, Dehradun Heights, Vikas Society, Nashik', 'Nashik', 'Maharashtra', '9876543210', '9638527410', 'prabhatdivekar@gmail.com', 3, 'M'),
('111080036', 'SHUBHAM', 'KANTILAL', 'PAWAR', 'D-21', 'B.Tech', 'Fourth Year', 'Mechanical', '1996-08-05', 187, 20, 'VII', 'NT', 'Sukh Sagar Bunglow, Shivai Nagar, Akola', 'Akola', 'Maharashtra', '9876543210', '9638527410', 'prabhatdivekar@gmail.com', 3, 'M'),
('111080037', 'PANKAJ', 'SUDHAKAR', 'PATIL', 'D-21', 'B.Tech', 'Fourth Year', 'Electronics and Telecommunications', '1996-08-06', 187, 21, 'VII', 'Open', 'Sukh Sagar Bunglow, Shivai Nagar, Akola', 'Akola', 'Maharashtra', '9876543210', '9638527410', 'prabhatdivekar@gmail.com', 3, 'M'),
('111080038', 'SHAILESH', 'SUDHAKAR', 'MENDHEKAR', 'D-21', 'B.Tech', 'Fourth Year', 'Electronics and Telecommunications', '1996-08-07', 187, 22, 'VII', 'Open', 'Sukh Sagar Bunglow, Shivai Nagar, Akola', 'Akola', 'Maharashtra', '9876543210', '9638527410', 'prabhatdivekar@gmail.com', 3, 'M'),
('111080039', 'ATUL', 'VINAYAK', 'PARKHE', 'D-21', 'B.Tech', 'Fourth Year', 'Electrical', '1996-08-08', 187, 23, 'VII', 'NT', 'Sukh Sagar Bunglow, Shivai Nagar, Akola', 'Akola', 'Maharashtra', '9876543210', '9638527410', 'prabhatdivekar@gmail.com', 3, 'M'),
('111080040', 'PRASHISH', 'MANIKRAO', 'SURVE', 'D-21', 'B.Tech', 'Fourth Year', 'Electrical', '1996-08-09', 187, 24, 'VII', 'SC', 'Sukh Sagar Bunglow, Shivai Nagar, Akola', 'Akola', 'Maharashtra', '9876543210', '9638527410', 'prabhatdivekar@gmail.com', 3, 'M'),
('111080041', 'RAJBHUSHAN', 'BHATESING', 'RAJPUT', 'D-21', 'B.Tech', 'Fourth Year', 'Electrical', '1996-08-10', 187, 25, 'VII', 'NT', 'Sukh Sagar Bunglow, Shivai Nagar, Akola', 'Akola', 'Maharashtra', '9876543210', '9638527410', 'prabhatdivekar@gmail.com', 3, 'M'),
('111080042', 'SANTOSH', 'KANTILAL', 'MAGAR', 'D-30', 'B.Tech', 'Fourth Year', 'Production', '1996-09-11', 187, 53, 'VII', 'Open', 'Sukh Sagar Bunglow, Shivai Nagar, Akola', 'Akola', 'Maharashtra', '9876543210', '9638527410', 'prabhatdivekar@gmail.com', 3, 'M'),
('111080043', 'VAIBHAV', 'VASANT', 'MESHRAM', 'D-30', 'B.Tech', 'Fourth Year', 'Production', '1996-09-12', 187, 54, 'VII', 'SC', 'Sukh Sagar Bunglow, Shivai Nagar, Akola', 'Akola', 'Maharashtra', '9876543210', '9638527410', 'prabhatdivekar@gmail.com', 3, 'M'),
('111080044', 'AKSHAY', 'JAGATPAL', 'KOGDE', 'D-30', 'B.Tech', 'Fourth Year', 'Information Technology', '1996-09-13', 187, 55, 'VII', 'NT', 'Sukh Sagar Bunglow, Shivai Nagar, Akola', 'Akola', 'Maharashtra', '9876543210', '9638527410', 'prabhatdivekar@gmail.com', 3, 'M'),
('111080045', 'ROHIT', 'MADHUKARRAO', 'LAKDE', 'D-30', 'B.Tech', 'Fourth Year', 'Information Technology', '1996-09-14', 187, 56, 'VII', 'SBC', 'Sukh Sagar Bunglow, Shivai Nagar, Akola', 'Akola', 'Maharashtra', '9876543210', '9638527410', 'prabhatdivekar@gmail.com', 3, 'M'),
('111080046', 'SAMEER', 'SHESHRAO', 'ARU', 'D-30', 'B.Tech', 'Fourth Year', 'Information Technology', '1996-09-15', 187, 57, 'VII', 'OBC', 'Sukh Sagar Bunglow, Shivai Nagar, Akola', 'Akola', 'Maharashtra', '9876543210', '9638527410', 'prabhatdivekar@gmail.com', 3, 'M'),
('111080047', 'MAHENDRA', 'RAMRAO', 'DEGURE', 'D-30', 'B.Tech', 'Fourth Year', 'Information Technology', '1996-09-16', 187, 58, 'VII', 'NT', 'Sukh Sagar Bunglow, Shivai Nagar, Akola', 'Akola', 'Maharashtra', '9876543210', '9638527410', 'prabhatdivekar@gmail.com', 3, 'M'),
('111080048', 'DHIRAJ', 'BHALCHANDRA', 'ZOPE', 'D-30', 'B.Tech', 'Fourth Year', 'Production', '1996-09-17', 187, 59, 'VII', 'OBC', 'Sukh Sagar Bunglow, Shivai Nagar, Akola', 'Akola', 'Maharashtra', '9876543210', '9638527410', 'prabhatdivekar@gmail.com', 3, 'M'),
('111080049', 'PARIKSHIT', 'SITARAM', 'CHAVAN', 'D-30', 'B.Tech', 'Fourth Year', 'Information Technology', '1996-09-18', 187, 60, 'VII', 'OBC', 'Sukh Sagar Bunglow, Shivai Nagar, Akola', 'Akola', 'Maharashtra', '9876543210', '9638527410', 'prabhatdivekar@gmail.com', 3, 'M'),
('111080050', 'VAIBHAV', 'RAMESHWAR', 'DHOKE', 'D-30', 'B.Tech', 'Fourth Year', 'Information Technology', '1996-09-19', 187, 61, 'VII', 'OBC', 'Sukh Sagar Bunglow, Shivai Nagar, Akola', 'Akola', 'Maharashtra', '9876543210', '9638527410', 'prabhatdivekar@gmail.com', 3, 'M'),
('111080051', 'DEVENDRA', 'MOHAN', 'MAHAJAN', 'D-30', 'B.Tech', 'Fourth Year', 'Mechanical', '1996-09-20', 187, 62, 'VII', 'OBC', 'Sukh Sagar Bunglow, Shivai Nagar, Akola', 'Akola', 'Maharashtra', '9876543210', '9638527410', 'prabhatdivekar@gmail.com', 3, 'M'),
('111080052', 'NILESH', 'KAMLESH', 'KALANI', 'D-30', 'B.Tech', 'Fourth Year', 'Mechanical', '1996-09-21', 187, 63, 'VII', 'Open', 'Sukh Sagar Bunglow, Shivai Nagar, Akola', 'Akola', 'Maharashtra', '9876543210', '9638527410', 'prabhatdivekar@gmail.com', 3, 'M'),
('111080053', 'ANIRUDDHA', 'RAJENDRA', 'SHIMPI', 'D-30', 'B.Tech', 'Fourth Year', 'Mechanical', '1996-09-22', 187, 64, 'VII', 'OBC', 'Sukh Sagar Bunglow, Shivai Nagar, Akola', 'Akola', 'Maharashtra', '9876543210', '9638527410', 'prabhatdivekar@gmail.com', 3, 'M'),
('111080054', 'PRASHANT', 'KESHAV', 'SATPUTE', 'D-30', 'B.Tech', 'Fourth Year', 'Computers', '1996-09-26', 187, 68, 'VII', 'SC', 'Sukh Sagar Bunglow, Shivai Nagar, Akola', 'Akola', 'Maharashtra', '9876543210', '9638527410', 'prabhatdivekar@gmail.com', 3, 'M'),
('111080055', 'MOHITKUMAR', '', 'KACHHWANI', 'D-30', 'B.Tech', 'Fourth Year', 'Electronics and Telecommunications', '1996-09-27', 187, 69, 'VII', 'Open', 'Sukh Sagar Bunglow, Shivai Nagar, Akola', 'Akola', 'Maharashtra', '9876543210', '9638527410', 'prabhatdivekar@gmail.com', 3, 'M'),
('111080056', 'AKSHAY', 'KANHAIYA', 'AGRAWAL', 'D-30', 'B.Tech', 'Fourth Year', 'Electronics', '1996-09-28', 187, 70, 'VII', 'Open', 'Sukh Sagar Bunglow, Shivai Nagar, Akola', 'Akola', 'Maharashtra', '9876543210', '9638527410', 'prabhatdivekar@gmail.com', 3, 'M'),
('111080057', 'SURAJ', 'PURUSHOTTAM', 'MANIYAR', 'D-30', 'B.Tech', 'Fourth Year', 'Electronics', '1996-09-29', 187, 71, 'VII', 'Open', 'Sukh Sagar Bunglow, Shivai Nagar, Akola', 'Akola', 'Maharashtra', '9876543210', '9638527410', 'prabhatdivekar@gmail.com', 3, 'M'),
('111080058', 'ABHIJEET', 'VIJAYKUMAR', 'JAIWAL', 'D-30', 'B.Tech', 'Fourth Year', 'Electronics', '1996-09-30', 187, 72, 'VII', 'OBC', 'Sukh Sagar Bunglow, Shivai Nagar, Akola', 'Akola', 'Maharashtra', '9876543210', '9638527410', 'prabhatdivekar@gmail.com', 3, 'M'),
('111080059', 'PARESH', 'PRAKASHRAO', 'BANSOD', 'D-30', 'B.Tech', 'Fourth Year', 'Electronics', '1996-10-01', 187, 73, 'VII', 'SC', 'Sukh Sagar Bunglow, Shivai Nagar, Akola', 'Akola', 'Maharashtra', '9876543210', '9638527410', 'prabhatdivekar@gmail.com', 3, 'M'),
('111080060', 'RAJ', 'ANIL', 'GAIKWAD', 'D-30', 'B.Tech', 'Fourth Year', 'Electronics', '1996-10-02', 187, 74, 'VII', 'NT', 'Sukh Sagar Bunglow, Shivai Nagar, Akola', 'Akola', 'Maharashtra', '9876543210', '9638527410', 'prabhatdivekar@gmail.com', 3, 'M'),
('111080061', 'ADITYA', 'KISHOR', 'PANDHARE', 'D-30', 'B.Tech', 'Fourth Year', 'Electronics', '1996-10-03', 187, 75, 'VII', 'OBC', 'Sukh Sagar Bunglow, Shivai Nagar, Akola', 'Akola', 'Maharashtra', '9876543210', '9638527410', 'prabhatdivekar@gmail.com', 3, 'M'),
('111080062', 'AMOL', 'RANGNATH', 'KARANDE', 'D-30', 'B.Tech', 'Fourth Year', 'Electronics', '1996-10-04', 187, 76, 'VII', 'Open', 'Sukh Sagar Bunglow, Shivai Nagar, Akola', 'Akola', 'Maharashtra', '9876543210', '9638527410', 'prabhatdivekar@gmail.com', 3, 'M'),
('111080063', 'ASHUTOSH', 'EKNATH', 'THOMBAL', 'D-31', 'B.Tech', 'Fourth Year', 'Electronics and Telecommunications', '1996-10-11', 187, 81, 'VII', 'OBC', 'Sukh Sagar Bunglow, Shivai Nagar, Akola', 'Akola', 'Maharashtra', '9876543210', '9638527410', 'prabhatdivekar@gmail.com', 3, 'M'),
('111080064', 'NIKHIL', 'KISHOR', 'WANI', 'D-31', 'B.Tech', 'Fourth Year', 'Electronics and Telecommunications', '1996-10-12', 187, 82, 'VII', 'OBC', 'Sukh Sagar Bunglow, Shivai Nagar, Akola', 'Akola', 'Maharashtra', '9876543210', '9638527410', 'prabhatdivekar@gmail.com', 3, 'M'),
('111080065', 'KUNDAN', 'VILAS', 'PAWAR', 'D-31', 'B.Tech', 'Fourth Year', 'Electronics and Telecommunications', '1996-10-13', 187, 83, 'VII', 'OBC', 'Sukh Sagar Bunglow, Shivai Nagar, Akola', 'Akola', 'Maharashtra', '9876543210', '9638527410', 'prabhatdivekar@gmail.com', 3, 'M'),
('111080066', 'MAHENDRA', 'SURESH', 'BENDALE', 'D-31', 'B.Tech', 'Fourth Year', 'Computers', '1996-10-14', 187, 84, 'VII', 'OBC', 'Sukh Sagar Bunglow, Shivai Nagar, Akola', 'Akola', 'Maharashtra', '9876543210', '9638527410', 'prabhatdivekar@gmail.com', 3, 'M'),
('111080067', 'AKSHAY', 'DIGAMBAR', 'KAKAD', 'D-31', 'B.Tech', 'Fourth Year', 'Electronics and Telecommunications', '1996-10-15', 187, 85, 'VII', 'OBC', '22-A/24,Vasant Vihar,Thane West', 'Thane', 'Maharashtra', '9876543210', '9638527410', 'prabhatdivekar@gmail.com', 3, 'M'),
('111080068', 'NIKHIL', 'PRAMOD', 'DOIFODE', 'D-31', 'B.Tech', 'Fourth Year', 'Computers', '1996-10-16', 187, 86, 'VII', 'OBC', '22-A/24,Vasant Vihar,Thane West', 'Thane', 'Maharashtra', '9876543210', '9638527410', 'prabhatdivekar@gmail.com', 3, 'M'),
('111080069', 'SACHIN', 'RAMESH', 'PUNDKAR', 'D-31', 'B.Tech', 'Fourth Year', 'Computers', '1996-10-17', 187, 87, 'VII', 'OBC', '22-A/24,Vasant Vihar,Thane West', 'Thane', 'Maharashtra', '9876543210', '9638527410', 'prabhatdivekar@gmail.com', 3, 'M'),
('111080070', 'SUMEET', 'DATTATRAY', 'KHODE', 'D-31', 'B.Tech', 'Fourth Year', 'Computers', '1996-10-18', 187, 88, 'VII', 'OBC', '22-A/24,Vasant Vihar,Thane West', 'Thane', 'Maharashtra', '9876543210', '9638527410', 'prabhatdivekar@gmail.com', 3, 'M'),
('111080071', 'ROHIT', 'UDAY', 'LAWANGE', 'D-31', 'B.Tech', 'Fourth Year', 'Computers', '1996-10-19', 187, 89, 'VII', 'OBC', '22-A/24,Vasant Vihar,Thane West', 'Thane', 'Maharashtra', '9876543210', '9638527410', 'prabhatdivekar@gmail.com', 3, 'M'),
('111080072', 'NIKHIL', 'GAJANAN', 'DHARANE', 'D-31', 'B.Tech', 'Fourth Year', 'Electronics and Telecommunications', '1996-10-24', 187, 91, 'VII', 'Open', '22-A/24,Vasant Vihar,Thane West', 'Thane', 'Maharashtra', '9876543210', '9638527410', 'prabhatdivekar@gmail.com', 3, 'M'),
('111080073', 'NACHIKET', 'BALASAHEB', 'VARADE', 'D-31', 'B.Tech', 'Fourth Year', 'Production', '1996-10-25', 187, 92, 'VII', 'NT', '22-A/24,Vasant Vihar,Thane West', 'Thane', 'Maharashtra', '9876543210', '9638527410', 'prabhatdivekar@gmail.com', 3, 'M'),
('111080074', 'NIKHIL', 'CHUDAMAN', 'GAJRE', 'D-32', 'B.Tech', 'Fourth Year', 'Electrical', '1996-10-31', 187, 96, 'VII', 'OBC', '22-A/24,Vasant Vihar,Thane West', 'Thane', 'Maharashtra', '9876543210', '9638527410', 'prabhatdivekar@gmail.com', 3, 'M'),
('111080075', 'ANKUSH', 'NANDKISHOR', 'JOGDAND', 'D-32', 'B.Tech', 'Fourth Year', 'Electrical', '1996-11-01', 187, 97, 'VII', 'Open', '22-A/24,Vasant Vihar,Thane West', 'Thane', 'Maharashtra', '9876543210', '9638527410', 'prabhatdivekar@gmail.com', 3, 'M'),
('111080076', 'SURESH', 'RAMBHAU', 'MUNDHE', 'D-32', 'B.Tech', 'Fourth Year', 'Electrical', '1996-11-02', 187, 98, 'VII', 'NT', '22-A/24,Vasant Vihar,Thane West', 'Thane', 'Maharashtra', '9876543210', '9638527410', 'prabhatdivekar@gmail.com', 3, 'M'),
('111080077', 'HARSHAL', 'NARENDRA', 'MORE', 'D-32', 'B.Tech', 'Fourth Year', 'Electronics and Telecommunications', '1996-11-03', 187, 99, 'VII', 'SC', '22-A/24,Vasant Vihar,Thane West', 'Thane', 'Maharashtra', '9876543210', '9638527410', 'prabhatdivekar@gmail.com', 3, 'M'),
('111080078', 'MANGALSING', 'CHAINSING', 'SUNDARDE', 'D-32', 'B.Tech', 'Fourth Year', 'Electronics and Telecommunications', '1996-11-04', 187, 100, 'VII', 'VJ', '22-A/24,Vasant Vihar,Thane West', 'Thane', 'Maharashtra', '9876543210', '9638527410', 'prabhatdivekar@gmail.com', 3, 'M'),
('111080079', 'HARSHAVARDHAN', 'HANMANT', 'THORAT', 'D-32', 'B.Tech', 'Fourth Year', 'Electronics and Telecommunications', '1996-11-05', 187, 101, 'VII', 'NT', '22-A/24,Vasant Vihar,Thane West', 'Thane', 'Maharashtra', '9876543210', '9638527410', 'prabhatdivekar@gmail.com', 3, 'M'),
('111080080', 'VIJAY', 'NAGNATH', 'KALE', 'D-32', 'B.Tech', 'Fourth Year', 'Electronics', '1996-11-10', 187, 106, 'VII', 'SC', '22-A/24,Vasant Vihar,Thane West', 'Thane', 'Maharashtra', '9876543210', '9638527410', 'prabhatdivekar@gmail.com', 3, 'M'),
('111080081', 'ABHIJEET', 'ARVINDRAO', 'BURDE', 'D-32', 'B.Tech', 'Fourth Year', 'Electronics and Telecommunications', '1996-11-11', 187, 107, 'VII', 'OBC', '22-A/24,Vasant Vihar,Thane West', 'Thane', 'Maharashtra', '9876543210', '9638527410', 'prabhatdivekar@gmail.com', 3, 'M'),
('111080082', 'MANGESH', 'SHIVAJIRAO', 'KHANDEKAR', 'D-32', 'B.Tech', 'Fourth Year', 'Electronics', '1996-11-12', 187, 108, 'VII', 'NT', '22-A/24,Vasant Vihar,Thane West', 'Thane', 'Maharashtra', '9876543210', '9638527410', 'prabhatdivekar@gmail.com', 3, 'M'),
('111080083', 'ABHAY', 'SHANKAR', 'GAIKWAD', 'D-32', 'B.Tech', 'Fourth Year', 'Electronics and Telecommunications', '1996-11-13', 187, 109, 'VII', 'Open ', '22-A/24,Vasant Vihar,Thane West', 'Thane', 'Maharashtra', '9876543210', '9638527410', 'prabhatdivekar@gmail.com', 3, 'M'),
('111080084', 'AKSHAY', 'PRAKASH', 'KULKARNI', 'D-32', 'B.Tech', 'Fourth Year', 'Electronics and Telecommunications', '1996-11-14', 187, 110, 'VII', 'Open', '22-A/24,Vasant Vihar,Thane West', 'Thane', 'Maharashtra', '9876543210', '9638527410', 'prabhatdivekar@gmail.com', 3, 'M'),
('111080085', 'AAKASH', 'PRASADCHANDRA', 'ATNOORKAR', 'D-32', 'B.Tech', 'Fourth Year', 'Electronics and Telecommunications', '1996-11-15', 187, 111, 'VII', 'Open', '22-A/24,Vasant Vihar,Thane West', 'Thane', 'Maharashtra', '9876543210', '9638527410', 'prabhatdivekar@gmail.com', 3, 'M'),
('111080086', 'AJINKYA', 'SUNIL', 'JOSHI', 'D-32', 'B.Tech', 'Fourth Year', 'Electrical', '1996-11-16', 187, 112, 'VII', 'Open', '22-A/24,Vasant Vihar,Thane West', 'Thane', 'Maharashtra', '9876543210', '9638527410', 'prabhatdivekar@gmail.com', 3, 'M'),
('111080087', 'NITIN', 'VITTHALRAO', 'GHUGE', 'D-32', 'B.Tech', 'Fourth Year', 'Electronics   ', '1996-11-17', 187, 113, 'VII', 'NT', '22-A/24,Vasant Vihar,Thane West', 'Thane', 'Maharashtra', '9876543210', '9638527410', 'prabhatdivekar@gmail.com', 3, 'M'),
('111080088', 'SANTOSH', 'SHRIDHAR', 'JADHAV', 'D-32', 'B.Tech', 'Fourth Year', 'Electronics   ', '1996-11-18', 187, 114, 'VII', 'Open', '22-A/24,Vasant Vihar,Thane West', 'Thane', 'Maharashtra', '9876543210', '9638527410', 'prabhatdivekar@gmail.com', 3, 'M'),
('111080089', 'SANKET', 'SAMPATRAO', 'YAMGAR', 'D-40', 'B.Tech', 'Fourth Year', 'Computers', '1996-11-19', 187, 115, 'VII', 'NT', '22-A/24,Vasant Vihar,Thane West', 'Thane', 'Maharashtra', '9876543210', '9638527410', 'prabhatdivekar@gmail.com', 3, 'M'),
('111080090', 'SWAPNIL', 'RAJESH', 'RATHOD', 'D-40', 'B.Tech', 'Fourth Year', 'Computers', '1996-11-20', 187, 116, 'VII', 'VJ', '22-A/24,Vasant Vihar,Thane West', 'Thane', 'Maharashtra', '9876543210', '9638527410', 'prabhatdivekar@gmail.com', 3, 'M'),
('111080091', 'VISHAL', 'MASANAPPA', 'CHAVAN', 'D-40', 'B.Tech', 'Fourth Year', 'Computers', '1996-11-21', 187, 117, 'VII', 'Open', '22-A/24,Vasant Vihar,Thane West', 'Thane', 'Maharashtra', '9876543210', '9638527410', 'prabhatdivekar@gmail.com', 3, 'M'),
('111080092', 'SANKET', 'MAHADEV', 'POTEY', 'D-40', 'B.Tech', 'Fourth Year', 'Production', '1996-11-22', 187, 118, 'VII', 'OBC', '22-A/24,Vasant Vihar,Thane West', 'Thane', 'Maharashtra', '9876543210', '9638527410', 'prabhatdivekar@gmail.com', 3, 'M'),
('111080093', 'BHUSHAN', 'PRASHANT', 'RANE', 'D-40', 'B.Tech', 'Fourth Year', 'Production', '1996-11-23', 187, 119, 'VII', 'OBC', '22-A/24,Vasant Vihar,Thane West', 'Thane', 'Maharashtra', '9876543210', '9638527410', 'prabhatdivekar@gmail.com', 3, 'M'),
('111080094', 'RAHUL', 'RAMRAO', 'PAWAR', 'D-40', 'B.Tech', 'Fourth Year', 'Civil', '1996-11-24', 187, 120, 'VII', 'VJ', '22-A/24,Vasant Vihar,Thane West', 'Thane', 'Maharashtra', '9876543210', '9638527410', 'prabhatdivekar@gmail.com', 3, 'M'),
('111080095', 'JITESH', 'MAHABALA', 'DEVADIGA', 'D-40', 'B.Tech', 'Fourth Year', 'Mechanical', '1996-11-25', 187, 121, 'VII', 'OBC', '22-A/24,Vasant Vihar,Thane West', 'Thane', 'Maharashtra', '9876543210', '9638527410', 'prabhatdivekar@gmail.com', 3, 'M'),
('111080096', 'MANAS', 'LAXMIKANT', 'RANE', 'D-40', 'B.Tech', 'Fourth Year', 'Mechanical', '1996-11-26', 187, 122, 'VII', 'PH', '22-A/24,Vasant Vihar,Thane West', 'Thane', 'Maharashtra', '9876543210', '9638527410', 'prabhatdivekar@gmail.com', 3, 'M'),
('111080097', 'AMIT', 'RAMDAS', 'UKARANDE', 'D-40', 'B.Tech', 'Fourth Year', 'Information Technology', '1996-11-27', 187, 123, 'VII', 'DEF', '22-A/24,Vasant Vihar,Thane West', 'Thane', 'Maharashtra', '9876543210', '9638527410', 'prabhatdivekar@gmail.com', 3, 'M'),
('111080098', 'CHINMAY', 'AVINASH', 'KARANJKAR', 'D-40', 'B.Tech', 'Fourth Year', 'Information Technology', '1996-11-28', 187, 124, 'VII', 'OBC', '22-A/24,Vasant Vihar,Thane West', 'Thane', 'Maharashtra', '9876543210', '9638527410', 'prabhatdivekar@gmail.com', 3, 'M'),
('111080099', 'AJIT', 'UTTAMRAO', 'BHANDARE', 'D-40', 'B.Tech', 'Fourth Year', 'Production', '1996-11-29', 187, 125, 'VII', 'OBC', '22-A/24,Vasant Vihar,Thane West', 'Thane', 'Maharashtra', '9876543210', '9638527410', 'prabhatdivekar@gmail.com', 3, 'M'),
('111080100', 'SHIVANAND', 'RAJKUMAR', 'KAUDAKI', 'D-40', 'B.Tech', 'Fourth Year', 'Electronics and Telecommunications', '1996-11-30', 187, 126, 'VII', 'NT', '22-A/24,Vasant Vihar,Thane West', 'Thane', 'Maharashtra', '9876543210', '9638527410', 'prabhatdivekar@gmail.com', 3, 'M'),
('111080101', 'GAURAV', 'VINOD', 'TOPLE', 'D-40', 'B.Tech', 'Fourth Year', 'Information Technology', '1996-12-01', 187, 127, 'VII', 'Open', '22-A/24,Vasant Vihar,Thane West', 'Thane', 'Maharashtra', '9876543210', '9638527410', 'prabhatdivekar@gmail.com', 3, 'M'),
('111080102', 'SHUBHAM', 'PRABHUAPPA', 'JATTE', 'D-40', 'B.Tech', 'Fourth Year', 'Civil', '1996-12-02', 187, 128, 'VII', 'Open', '22-A/24,Vasant Vihar,Thane West', 'Thane', 'Maharashtra', '9876543210', '9638527410', 'prabhatdivekar@gmail.com', 3, 'M'),
('111080103', 'KEDAR', 'RAJIV', 'JOSHI', 'D-40', 'B.Tech', 'Fourth Year', 'Production', '1996-12-03', 187, 129, 'VII', 'Open', '22-A/24,Vasant Vihar,Thane West', 'Thane', 'Maharashtra', '9876543210', '9638527410', 'prabhatdivekar@gmail.com', 3, 'M'),
('111080104', 'ROHAN', 'ABHAY', 'SANGAVE', 'D-40', 'B.Tech', 'Fourth Year', 'Electrical', '1996-12-04', 187, 130, 'VII', 'Open', '22-A/24,Vasant Vihar,Thane West', 'Thane', 'Maharashtra', '9876543210', '9638527410', 'prabhatdivekar@gmail.com', 3, 'M'),
('111080105', 'RAHUL', 'SURESH', 'NAIR', 'D-40', 'B.Tech', 'Fourth Year', 'Electrical', '1996-12-05', 187, 131, 'VII', 'Open', '22-A/24,Vasant Vihar,Thane West', 'Thane', 'Maharashtra', '9876543210', '9638527410', 'prabhatdivekar@gmail.com', 3, 'M'),
('111080106', 'KIRAN', 'MADHUSOODANAN', 'NAIR', 'D-40', 'B.Tech', 'Fourth Year', 'Electrical', '1996-12-06', 187, 132, 'VII', 'Open', '22-A/24,Vasant Vihar,Thane West', 'Thane', 'Maharashtra', '9876543210', '9638527410', 'prabhatdivekar@gmail.com', 3, 'M'),
('111080107', 'RAHUL', 'NARENDRA', 'TIWARI', 'D-40', 'B.Tech', 'Fourth Year', 'Textile', '1996-12-07', 187, 133, 'VII', 'Open', '22-A/24,Vasant Vihar,Thane West', 'Thane', 'Maharashtra', '9876543210', '9638527410', 'prabhatdivekar@gmail.com', 3, 'M'),
('111080108', 'RUSHIKESH', 'DILIPRAO', 'SHENDE', 'D-40', 'B.Tech', 'Fourth Year', 'Production', '1996-12-08', 187, 134, 'VII', 'OBC', '22-A/24,Vasant Vihar,Thane West', 'Thane', 'Maharashtra', '9876543210', '9638527410', 'prabhatdivekar@gmail.com', 3, 'M'),
('111080109', 'PRASAD', 'LAXMIKANT', 'DESHMUKH', 'D-40', 'B.Tech', 'Fourth Year', 'Textile', '1996-12-09', 187, 135, 'VII', 'Open', '22-A/24,Vasant Vihar,Thane West', 'Thane', 'Maharashtra', '9876543210', '9638527410', 'prabhatdivekar@gmail.com', 3, 'M'),
('111080110', 'AMOL', '', 'CHAVAN', 'D-40', 'B.Tech', 'Fourth Year', 'Textile', '1996-12-11', 187, 137, 'VII', 'VJ', '22-A/24,Vasant Vihar,Thane West', 'Thane', 'Maharashtra', '9876543210', '9638527410', 'prabhatdivekar@gmail.com', 3, 'M'),
('111080111', 'UJJWAL', 'KUMAR', 'SINGH', 'D-41', 'B.Tech', 'Fourth Year', 'Electrical', '1996-12-12', 187, 138, 'VII', 'Open', '22-A/24,Vasant Vihar,Thane West', 'Thane', 'Maharashtra', '9876543210', '9638527410', 'prabhatdivekar@gmail.com', 3, 'M'),
('111080112', 'ANANT', 'DAGADU', 'PATIL', 'D-41', 'B.Tech', 'Fourth Year', 'Electrical', '1996-12-13', 187, 139, 'VII', 'Open', '22-A/24,Vasant Vihar,Thane West', 'Thane', 'Maharashtra', '9876543210', '9638527410', 'prabhatdivekar@gmail.com', 3, 'M'),
('111080113', 'TUSHAR', 'CHANDRAKANT', 'DEVALE', 'D-41', 'B.Tech', 'Fourth Year', 'Electrical', '1996-12-14', 187, 140, 'VII', 'SBC', '22-A/24,Vasant Vihar,Thane West', 'Thane', 'Maharashtra', '9876543210', '9638527410', 'prabhatdivekar@gmail.com', 3, 'M'),
('111080114', 'AMOL', 'RAJENDRA', 'BIRHADE', 'D-41', 'B.Tech', 'Fourth Year', 'Production', '1996-12-15', 187, 141, 'VII', 'Open', '22-A/24,Vasant Vihar,Thane West', 'Thane', 'Maharashtra', '9876543210', '9638527410', 'prabhatdivekar@gmail.com', 3, 'M'),
('111080115', 'SWAPNIL', 'SURYAKANT', 'JAYBHAYE', 'D-41', 'B.Tech', 'Fourth Year', 'Production', '1996-12-16', 187, 142, 'VII', 'NT', '22-A/24,Vasant Vihar,Thane West', 'Thane', 'Maharashtra', '9876543210', '9638527410', 'prabhatdivekar@gmail.com', 3, 'M'),
('111080116', 'AKSHAY', 'VISHWANATH', 'ALSE', 'D-41', 'B.Tech', 'Fourth Year', 'Electronics and Telecommunications', '1996-12-17', 187, 143, 'VII', 'Open', '22-A/24,Vasant Vihar,Thane West', 'Thane', 'Maharashtra', '9876543210', '9638527410', 'prabhatdivekar@gmail.com', 3, 'M'),
('111080117', 'PIYUSH', 'PRUTHVIRAJ', 'SHAH', 'D-41', 'B.Tech', 'Fourth Year', 'Production', '1996-12-18', 187, 144, 'VII', 'Open', '22-A/24,Vasant Vihar,Thane West', 'Thane', 'Maharashtra', '9876543210', '9638527410', 'prabhatdivekar@gmail.com', 3, 'M'),
('111080118', 'AJINKYA', 'JAYANT', 'DESHPANDE', 'D-41', 'B.Tech', 'Fourth Year', 'Production', '1996-12-19', 187, 145, 'VII', 'Open', '22-A/24,Vasant Vihar,Thane West', 'Thane', 'Maharashtra', '9876543210', '9638527410', 'prabhatdivekar@gmail.com', 3, 'M'),
('111080119', 'UMESH', 'LAXMAN', 'SARUK', 'D-41', 'B.Tech', 'Fourth Year', 'Electronics and Telecommunications', '1996-12-20', 187, 146, 'VII', 'NT', '22-A/24,Vasant Vihar,Thane West', 'Thane', 'Maharashtra', '9876543210', '9638527410', 'prabhatdivekar@gmail.com', 3, 'M'),
('111080120', 'VISHAL', 'RAMJI', 'SALUNKE', 'D-41', 'B.Tech', 'Fourth Year', 'Electrical', '1996-12-25', 187, 149, 'VII', 'Open', '22-A/24,Vasant Vihar,Thane West', 'Thane', 'Maharashtra', '9876543210', '9638527410', 'prabhatdivekar@gmail.com', 3, 'M'),
('111080121', 'SURAJ', 'RAJKUMAR', 'MORE', 'D-41', 'B.Tech', 'Fourth Year', 'Civil', '1996-12-26', 187, 150, 'VII', 'Open', '22-A/24,Vasant Vihar,Thane West', 'Thane', 'Maharashtra', '9876543210', '9638527410', 'prabhatdivekar@gmail.com', 3, 'M'),
('111080122', 'SUBODH', 'PYARCHAND', 'WASNIK', 'D-41', 'B.Tech', 'Fourth Year', 'Electronics', '1996-12-27', 187, 151, 'VII', 'SC', '22-A/24,Vasant Vihar,Thane West', 'Thane', 'Maharashtra', '9876543210', '9638527410', 'prabhatdivekar@gmail.com', 3, 'M'),
('111080123', 'TUSHAR', 'DHANRAJ', 'MESHRAM', 'D-41', 'B.Tech', 'Fourth Year', 'Mechanical', '1996-12-28', 187, 152, 'VII', 'SC', '22-A/24,Vasant Vihar,Thane West', 'Thane', 'Maharashtra', '9876543210', '9638527410', 'prabhatdivekar@gmail.com', 3, 'M'),
('111080124', 'PRANAV', 'MANOJ', 'PATHAK', 'D-41', 'B.Tech', 'Fourth Year', 'Textile', '1997-01-03', 187, 153, 'VII', 'Open', '22-A/24,Vasant Vihar,Thane West', 'Thane', 'Maharashtra', '9876543210', '9638527410', 'prabhatdivekar@gmail.com', 3, 'M'),
('111080125', 'VAIBHAV', 'MOHANRAO', 'CHATARKAR', 'D-41', 'B.Tech', 'Fourth Year', 'Electronics and Telecommunications', '1997-01-04', 187, 154, 'VII', 'OBC', '22-A/24,Vasant Vihar,Thane West', 'Thane', 'Maharashtra', '9876543210', '9638527410', 'prabhatdivekar@gmail.com', 3, 'M'),
('111080126', 'HARSHAL', 'SUBHASHRAO', 'KANTALE', 'D-41', 'B.Tech', 'Fourth Year', 'Production', '1997-01-05', 187, 155, 'VII', 'SC', '22-A/24,Vasant Vihar,Thane West', 'Thane', 'Maharashtra', '9876543210', '9638527410', 'prabhatdivekar@gmail.com', 3, 'M'),
('111080127', 'CHINMAY', 'BHASKAR', 'FULPAGAR', 'D-42', 'B.Tech', 'Fourth Year', 'Electrical', '1997-01-06', 187, 156, 'VII', 'OBC', '22-A/24,Vasant Vihar,Thane West', 'Thane', 'Maharashtra', '9876543210', '9638527410', 'prabhatdivekar@gmail.com', 3, 'M'),
('111080128', 'VINEET', 'RAJENDRA', 'GEDAM', 'D-42', 'B.Tech', 'Fourth Year', 'Electrical', '1997-01-07', 187, 157, 'VII', 'SC', '22-A/24,Vasant Vihar,Thane West', 'Thane', 'Maharashtra', '9876543210', '9638527410', 'prabhatdivekar@gmail.com', 3, 'M'),
('111080129', 'ARPIT', 'NITINKUMAR', 'DONGRE', 'D-42', 'B.Tech', 'Fourth Year', 'Electrical', '1997-01-08', 187, 158, 'VII', 'NT', '22-A/24,Vasant Vihar,Thane West', 'Thane', 'Maharashtra', '9876543210', '9638527410', 'prabhatdivekar@gmail.com', 3, 'M'),
('111080130', 'VAIBHAV', 'ARUNRAO', 'KATE', 'D-42', 'B.Tech', 'Fourth Year', 'Electrical', '1997-01-09', 187, 159, 'VII', 'OBC', '22-A/24,Vasant Vihar,Thane West', 'Thane', 'Maharashtra', '9876543210', '9638527410', 'prabhatdivekar@gmail.com', 3, 'M'),
('111080131', 'AJINKYA', 'ASHOK', 'CHAUDHARY', 'D-42', 'B.Tech', 'Fourth Year', 'Electrical', '1997-01-10', 187, 163, 'VII', 'OBC', '22-A/24,Vasant Vihar,Thane West', 'Thane', 'Maharashtra', '9876543210', '9638527410', 'prabhatdivekar@gmail.com', 3, 'M'),
('111080132', 'ASHUTOSH', 'SURESH', 'NARKHEDE', 'D-42', 'B.Tech', 'Fourth Year', 'Electronics and Telecommunications', '1997-01-11', 187, 164, 'VII', 'OBC', '22-A/24,Vasant Vihar,Thane West', 'Thane', 'Maharashtra', '9876543210', '9638527410', 'prabhatdivekar@gmail.com', 3, 'M'),
('121080001', 'AKSHAY', '', 'BOROLE', 'C-43', 'B.Tech', 'Third Year', 'Production', '1996-02-17', 187, 155, 'V', 'OBC', '20/22-4, Orange Market, Nagpur', 'Nagpur', 'Maharashtra', '9876543210', '9638527410', 'prabhatdivekar@gmail.com', 3, 'M'),
('121080002', 'SHUBHAM', '', 'EKATPURE', 'C-43', 'B.Tech', 'Third Year', 'Mechanical', '1996-02-18', 187, 154, 'V', 'OBC', '20/22-4, Orange Market, Nagpur', 'Nagpur', 'Maharashtra', '9876543210', '9638527410', 'prabhatdivekar@gmail.com', 3, 'M'),
('121080003', 'MAYUR', 'MILIND', 'INDURKAR', 'C-43', 'B.Tech', 'Third Year', 'Mechanical', '1996-02-19', 187, 153, 'V', 'SC', '20/22-4, Orange Market, Nagpur', 'Nagpur', 'Maharashtra', '9876543210', '9638527410', 'prabhatdivekar@gmail.com', 3, 'M'),
('121080004', 'AAKASH', 'ABHAY', 'PANCHAKSHARI', 'C-52', 'B.Tech', 'Third Year', 'Electronics', '1996-03-15', 187, 128, 'V', 'Open', '20/22-4, Orange Market, Nagpur', 'Nagpur', 'Maharashtra', '9876543210', '9638527410', 'prabhatdivekar@gmail.com', 3, 'M'),
('121080005', 'PRADIP', 'TUKARAM', 'SABADE', 'C-52', 'B.Tech', 'Third Year', 'Electronics and Telecommunications', '1996-03-16', 187, 127, 'V', 'OBC', '20/22-4, Orange Market, Nagpur', 'Nagpur', 'Maharashtra', '9876543210', '9638527410', 'prabhatdivekar@gmail.com', 3, 'M'),
('121080006', 'SHUBHAM', 'G.', 'THAKARE', 'C-57', 'B.Tech', 'Third Year', 'Information Technology', '1996-03-29', 187, 210, 'V', 'OBC', '20/22-4, Orange Market, Nagpur', 'Nagpur', 'Maharashtra', '9876543210', '9638527410', 'prabhatdivekar@gmail.com', 3, 'M'),
('121080007', 'AKASH', 'GANESH', 'CHOPADE', 'C-57', 'B.Tech', 'Third Year', 'Electronics', '1996-03-30', 187, 211, 'V', 'OBC', '20/22-4, Orange Market, Nagpur', 'Nagpur', 'Maharashtra', '9876543210', '9638527410', 'prabhatdivekar@gmail.com', 3, 'M'),
('121080008', 'AKSHAY', 'B.', 'NAWALKAR', 'C-57', 'B.Tech', 'Third Year', 'Electronics', '1996-03-31', 187, 212, 'V', 'NT', '20/22-4, Orange Market, Nagpur', 'Nagpur', 'Maharashtra', '9876543210', '9638527410', 'prabhatdivekar@gmail.com', 3, 'M'),
('121080009', 'ANKIT', 'NARAYAN', 'NIMBOLKAR', 'C-58', 'B.Tech', 'Third Year', 'Electronics and Telecommunications', '1996-04-01', 187, 213, 'V', 'SC', '20/22-4, Orange Market, Nagpur', 'Nagpur', 'Maharashtra', '9876543210', '9638527410', 'prabhatdivekar@gmail.com', 3, 'M'),
('121080010', 'BHUSHAN', 'D.', 'MANE', 'C-58', 'B.Tech', 'Third Year', 'Electronics', '1996-04-02', 187, 214, 'V', 'VJ', '20/22-4, Orange Market, Nagpur', 'Nagpur', 'Maharashtra', '9876543210', '9638527410', 'prabhatdivekar@gmail.com', 3, 'M'),
('121080011', 'SAGAR', 'SURESH', 'BORDE', 'C-58', 'B.Tech', 'Third Year', 'Electronics and Telecommunications', '1996-04-03', 187, 215, 'V', 'SC', '20/22-4, Orange Market, Nagpur', 'Nagpur', 'Maharashtra', '9876543210', '9638527410', 'prabhatdivekar@gmail.com', 3, 'M'),
('121080012', 'NIHIL', 'RAMAKANT', 'DHUNDALE', 'C-59', 'B.Tech', 'Third Year', 'Textile', '1996-04-04', 187, 216, 'V', 'NT', '20/22-4, Orange Market, Nagpur', 'Nagpur', 'Maharashtra', '9876543210', '9638527410', 'prabhatdivekar@gmail.com', 3, 'M'),
('121080013', 'SUDEEP', '', 'KULKARNI-IRLEKAR', 'C-59', 'B.Tech', 'Third Year', 'Electrical', '1996-04-05', 187, 217, 'V', 'Open', '20/22-4, Orange Market, Nagpur', 'Nagpur', 'Maharashtra', '9876543210', '9638527410', 'prabhatdivekar@gmail.com', 3, 'M'),
('121080014', 'PRATEEK', 'HIRALAL', 'CHANGAN', 'C-59', 'B.Tech', 'Third Year', 'Mechanical', '1996-04-06', 187, 218, 'V', 'NT', '20/22-4, Orange Market, Nagpur', 'Nagpur', 'Maharashtra', '9876543210', '9638527410', 'prabhatdivekar@gmail.com', 3, 'M'),
('121080015', 'PRAFUL', 'GOPALRAO', 'CHOUDHARI', 'C-60', 'B.Tech', 'Third Year', 'Electrical', '1996-04-07', 187, 219, 'V', 'OBC', '20/22-4, Orange Market, Nagpur', 'Nagpur', 'Maharashtra', '9876543210', '9638527410', 'prabhatdivekar@gmail.com', 3, 'M'),
('121080016', 'AKSHAY', 'HEMANT', 'BEZALWAR', 'C-60', 'B.Tech', 'Third Year', 'Production', '1996-04-08', 187, 220, 'V', 'Open', '20/22-4, Orange Market, Nagpur', 'Nagpur', 'Maharashtra', '9876543210', '9638527410', 'prabhatdivekar@gmail.com', 3, 'M'),
('121080017', 'SWAROOP', 'GHANSHAM', 'PUNSE', 'C-60', 'B.Tech', 'Third Year', 'Production', '1996-04-09', 187, 221, 'V', 'OBC', '20/22-4, Orange Market, Nagpur', 'Nagpur', 'Maharashtra', '9876543210', '9638527410', 'prabhatdivekar@gmail.com', 3, 'M'),
('121080018', 'SHUBHAM', 'SANJAY', 'CHAUDHARI', 'C-61', 'B.Tech', 'Third Year', 'Information Technology', '1996-04-10', 187, 222, 'V', 'NT', '20/22-4, Orange Market, Nagpur', 'Nagpur', 'Maharashtra', '9876543210', '9638527410', 'prabhatdivekar@gmail.com', 3, 'M'),
('121080019', 'PRASHIK', 'DHARMPAL', 'GAWAI', 'C-61', 'B.Tech', 'Third Year', 'Mechanical', '1996-04-11', 187, 223, 'V', 'SC', '20/22-4, Orange Market, Nagpur', 'Nagpur', 'Maharashtra', '9876543210', '9638527410', 'prabhatdivekar@gmail.com', 3, 'M'),
('121080020', 'TUSHAR', 'GOPAL', 'RATHOD', 'C-61', 'B.Tech', 'Third Year', 'Information Technology', '1996-04-12', 187, 224, 'V', 'OBC', '20/22-4, Orange Market, Nagpur', 'Nagpur', 'Maharashtra', '9876543210', '9638527410', 'prabhatdivekar@gmail.com', 3, 'M'),
('121080021', 'AKASH', 'VASANTRAO', 'RAUT', 'C-62', 'B.Tech', 'Third Year', 'Information Technology', '1996-04-13', 187, 225, 'V', 'OBC', '20/22-4, Orange Market, Nagpur', 'Nagpur', 'Maharashtra', '9876543210', '9638527410', 'prabhatdivekar@gmail.com', 3, 'M'),
('121080022', 'AKASH', 'B.', 'PATIL', 'C-62', 'B.Tech', 'Third Year', 'Textile', '1996-04-14', 187, 226, 'V', 'Open', '20/22-4, Orange Market, Nagpur', 'Nagpur', 'Maharashtra', '9876543210', '9638527410', 'prabhatdivekar@gmail.com', 3, 'M'),
('121080023', 'VIVEK', 'M.', 'MANKAR', 'C-62', 'B.Tech', 'Third Year', 'Textile', '1996-04-15', 187, 227, 'V', 'OBC', '20/22-4, Orange Market, Nagpur', 'Nagpur', 'Maharashtra', '9876543210', '9638527410', 'prabhatdivekar@gmail.com', 3, 'M'),
('121080024', 'ABHISHEK', 'K.', 'RANGARI', 'C-63', 'B.Tech', 'Third Year', 'Production', '1996-04-16', 187, 228, 'V', 'SC', '20/22-4, Orange Market, Nagpur', 'Nagpur', 'Maharashtra', '9876543210', '9638527410', 'prabhatdivekar@gmail.com', 3, 'M'),
('121080025', 'CHAITANYA', 'G.', 'GUTTE', 'C-63', 'B.Tech', 'Third Year', 'Production', '1996-04-17', 187, 229, 'V', 'NT', '20/22-4, Orange Market, Nagpur', 'Nagpur', 'Maharashtra', '9876543210', '9638527410', 'prabhatdivekar@gmail.com', 3, 'M'),
('121080026', 'SHUBHAM', 'U.', 'KASHTE', 'C-63', 'B.Tech', 'Third Year', 'Production', '1996-04-18', 187, 230, 'V', 'NT', '20/22-4, Orange Market, Nagpur', 'Nagpur', 'Maharashtra', '9876543210', '9638527410', 'prabhatdivekar@gmail.com', 3, 'M'),
('121080027', 'SHUBHAM', 'DILIP', 'SONAWANI', 'D-10', 'B.Tech', 'Third Year', 'Electrical', '1996-05-08', 187, 284, 'V', 'OBC', '14, Dehradun Heights, Vikas Society, Nashik', 'Nashik', 'Maharashtra', '9876543210', '9638527410', 'prabhatdivekar@gmail.com', 3, 'M'),
('121080028', 'PRANAY', 'PRALHAD', 'PATIL', 'D-10', 'B.Tech', 'Third Year', 'Electrical', '1996-05-09', 187, 283, 'V', 'SC', '14, Dehradun Heights, Vikas Society, Nashik', 'Nashik', 'Maharashtra', '9876543210', '9638527410', 'prabhatdivekar@gmail.com', 3, 'M'),
('121080029', 'SUSHANT', 'DNYANESHWARRAO', 'WAGH', 'D-10', 'B.Tech', 'Third Year', 'Electrical', '1996-05-10', 187, 282, 'V', 'NT', '14, Dehradun Heights, Vikas Society, Nashik', 'Nashik', 'Maharashtra', '9876543210', '9638527410', 'prabhatdivekar@gmail.com', 3, 'M'),
('121080030', 'SANJAY', 'KHANDURAO', 'LOTE', 'D-10', 'B.Tech', 'Third Year', 'Electrical', '1996-05-14', 187, 278, 'V', 'Open', '14, Dehradun Heights, Vikas Society, Nashik', 'Nashik', 'Maharashtra', '9876543210', '9638527410', 'prabhatdivekar@gmail.com', 3, 'M'),
('121080031', 'SANKALP', 'GANESH', 'PUND', 'D-10', 'B.Tech', 'Third Year', 'Electrical', '1996-05-15', 187, 277, 'V', 'OBC', '14, Dehradun Heights, Vikas Society, Nashik', 'Nashik', 'Maharashtra', '9876543210', '9638527410', 'prabhatdivekar@gmail.com', 3, 'M'),
('121080032', 'TUSHAR', 'MAHADEVRAO', 'MAHALLE', 'D-10', 'B.Tech', 'Third Year', 'Electrical', '1996-05-16', 187, 276, 'V', 'OBC', '14, Dehradun Heights, Vikas Society, Nashik', 'Nashik', 'Maharashtra', '9876543210', '9638527410', 'prabhatdivekar@gmail.com', 3, 'M'),
('121080033', 'SORANG', '', 'TAJANG', 'D-10', 'Diploma', 'Third Year', 'Civil', '1996-05-17', NULL, NULL, 'V', 'ST', '14, Dehradun Heights, Vikas Society, Nashik', 'Nashik', 'Maharashtra', '9876543210', '9638527410', 'prabhatdivekar@gmail.com', 3, 'M'),
('121080034', 'PANKAJ', 'DATTATRAYA', 'PALWE', 'D-11', 'B.Tech', 'Third Year', 'Mechanical', '1996-05-19', 187, 275, 'V', 'NT', '14, Dehradun Heights, Vikas Society, Nashik', 'Nashik', 'Maharashtra', '9876543210', '9638527410', 'prabhatdivekar@gmail.com', 3, 'M'),
('121080035', 'MOHIT', 'MADHUKAR', 'KAWALE', 'D-11', 'B.Tech', 'Third Year', 'Civil', '1996-05-21', 187, 273, 'V', 'OBC', '14, Dehradun Heights, Vikas Society, Nashik', 'Nashik', 'Maharashtra', '9876543210', '9638527410', 'prabhatdivekar@gmail.com', 3, 'M'),
('121080036', 'HEMANT', 'MADHUKAR', 'KSHIRSAGAR', 'D-11', 'B.Tech', 'Third Year', 'Civil', '1996-05-22', 187, 272, 'V', 'SC', '14, Dehradun Heights, Vikas Society, Nashik', 'Nashik', 'Maharashtra', '9876543210', '9638527410', 'prabhatdivekar@gmail.com', 3, 'M'),
('121080037', 'CHETAN', 'SURESH', 'THAKARE', 'D-11', 'B.Tech', 'Third Year', 'Civil', '1996-05-23', 187, 271, 'V', 'ST', '14, Dehradun Heights, Vikas Society, Nashik', 'Nashik', 'Maharashtra', '9876543210', '9638527410', 'prabhatdivekar@gmail.com', 3, 'M'),
('121080038', 'SWAPNIL', 'SONOPANT', 'BAGWE', 'D-11', 'Diploma', 'Third Year', 'Mechanical', '1996-05-24', NULL, NULL, 'V', 'Open', '14, Dehradun Heights, Vikas Society, Nashik', 'Nashik', 'Maharashtra', '9876543210', '9638527410', 'prabhatdivekar@gmail.com', 3, 'M'),
('121080039', 'HITESH', 'RAMCHANDRA', 'JADHAV', 'D-11', 'Diploma', 'Third Year', 'Mechanical', '1996-05-25', NULL, NULL, 'V', 'Open', '14, Dehradun Heights, Vikas Society, Nashik', 'Nashik', 'Maharashtra', '9876543210', '9638527410', 'prabhatdivekar@gmail.com', 3, 'M'),
('121080040', 'SHUBHAM', '', 'MHADALEKAR', 'D-11', 'Diploma', 'Third Year', 'Mechanical', '1996-05-26', NULL, NULL, 'V', 'OBC', '14, Dehradun Heights, Vikas Society, Nashik', 'Nashik', 'Maharashtra', '9876543210', '9638527410', 'prabhatdivekar@gmail.com', 3, 'M'),
('121080041', 'AMEY', 'ANIL', 'MHADGUT', 'D-11', 'Diploma', 'Third Year', 'Mechanical', '1996-05-29', NULL, NULL, 'V', 'OBC', '14, Dehradun Heights, Vikas Society, Nashik', 'Nashik', 'Maharashtra', '9876543210', '9638527410', 'prabhatdivekar@gmail.com', 3, 'M'),
('121080042', 'PIYUSH', 'HITENDRA', 'CHAUDHARI', 'D-11', 'Diploma', 'Third Year', 'Mechanical', '1996-05-30', NULL, NULL, 'V', 'OBC', '14, Dehradun Heights, Vikas Society, Nashik', 'Nashik', 'Maharashtra', '9876543210', '9638527410', 'prabhatdivekar@gmail.com', 3, 'M'),
('121080043', 'NILESH', 'RAMESH', 'KOWADKAR', 'D-11', 'Diploma', 'Third Year', 'Mechanical', '1996-05-31', NULL, NULL, 'V', 'Open', '14, Dehradun Heights, Vikas Society, Nashik', 'Nashik', 'Maharashtra', '9876543210', '9638527410', 'prabhatdivekar@gmail.com', 3, 'M'),
('121080044', 'SHUBHAM', 'GOVIND', 'DABRE', 'D-11', 'B.Tech', 'Third Year', 'Civil', '1996-06-04', 187, 265, 'V', 'SBC', '14, Dehradun Heights, Vikas Society, Nashik', 'Nashik', 'Maharashtra', '9876543210', '9638527410', 'prabhatdivekar@gmail.com', 3, 'M'),
('121080045', 'KARTIK', 'SHARAD', 'PATEL', 'D-11', 'B.Tech', 'Third Year', 'Civil', '1996-06-05', 187, 264, 'V', 'OBC', '14, Dehradun Heights, Vikas Society, Nashik', 'Nashik', 'Maharashtra', '9876543210', '9638527410', 'prabhatdivekar@gmail.com', 3, 'M'),
('121080046', 'RUPESH', 'ASHOKRAO', 'YAWALE', 'D-11', 'B.Tech', 'Third Year', 'Civil', '1996-06-06', 187, 263, 'V', 'OBC', '14, Dehradun Heights, Vikas Society, Nashik', 'Nashik', 'Maharashtra', '9876543210', '9638527410', 'prabhatdivekar@gmail.com', 3, 'M'),
('121080047', 'AKSHAY', 'SUDHAKAR', 'PAWAR', 'D-11', 'B.Tech', 'Third Year', 'Civil', '1996-06-07', 187, 262, 'V', 'VJ', '14, Dehradun Heights, Vikas Society, Nashik', 'Nashik', 'Maharashtra', '9876543210', '9638527410', 'prabhatdivekar@gmail.com', 3, 'M'),
('121080048', 'KARAN', 'SUBHASH', 'VARADE', 'D-11', 'B.Tech', 'Third Year', 'Civil', '1996-06-08', 187, 261, 'V', 'NT', '14, Dehradun Heights, Vikas Society, Nashik', 'Nashik', 'Maharashtra', '9876543210', '9638527410', 'prabhatdivekar@gmail.com', 3, 'M'),
('121080049', 'SOHAM', 'SHAM', 'SARAM', 'D-11', 'B.Tech', 'Third Year', 'Civil', '1996-06-09', 187, 260, 'V', 'OBC', '14, Dehradun Heights, Vikas Society, Nashik', 'Nashik', 'Maharashtra', '9876543210', '9638527410', 'prabhatdivekar@gmail.com', 3, 'M'),
('121080050', 'PRATIK', 'SURESH', 'SURYAWANSHI', 'D-11', 'B.Tech', 'Third Year', 'Electrical', '1996-06-10', 187, 259, 'V', 'Open', '14, Dehradun Heights, Vikas Society, Nashik', 'Nashik', 'Maharashtra', '9876543210', '9638527410', 'prabhatdivekar@gmail.com', 3, 'M'),
('121080051', 'SURAJ', 'ASHOK', 'PALWE', 'D-11', 'B.Tech', 'Third Year', 'Electronics and Telecommunications', '1996-06-11', 187, 258, 'V', 'NT', '14, Dehradun Heights, Vikas Society, Nashik', 'Nashik', 'Maharashtra', '9876543210', '9638527410', 'prabhatdivekar@gmail.com', 3, 'M'),
('121080052', 'MAYUR', 'HARISHCHANDRA', 'SONAWANE', 'D-11', 'B.Tech', 'Third Year', 'Computers', '1996-06-12', 187, 257, 'V', 'SC', '14, Dehradun Heights, Vikas Society, Nashik', 'Nashik', 'Maharashtra', '9876543210', '9638527410', 'prabhatdivekar@gmail.com', 3, 'M'),
('121080053', 'ANURAG', 'VISHNUDAS', 'MAHANKAR', 'D-11', 'B.Tech', 'Third Year', 'Information Technology', '1996-06-13', 187, 256, 'V', 'OBC', '14, Dehradun Heights, Vikas Society, Nashik', 'Nashik', 'Maharashtra', '9876543210', '9638527410', 'prabhatdivekar@gmail.com', 3, 'M'),
('121080054', 'CHANDRAKANT', 'JANRAO', 'MUNDANE', 'D-11', 'B.Tech', 'Third Year', 'Electronics and Telecommunications', '1996-06-14', 187, 255, 'V', 'NT', '14, Dehradun Heights, Vikas Society, Nashik', 'Nashik', 'Maharashtra', '9876543210', '9638527410', 'prabhatdivekar@gmail.com', 3, 'M'),
('121080055', 'SHUBHAM', 'KISHOR', 'GULHANE', 'D-11', 'B.Tech', 'Third Year', 'Information Technology', '1996-06-15', 187, 254, 'V', 'OBC', '14, Dehradun Heights, Vikas Society, Nashik', 'Nashik', 'Maharashtra', '9876543210', '9638527410', 'prabhatdivekar@gmail.com', 3, 'M'),
('121080056', 'MAYUR', 'SUNIL', 'BHAVSAR', 'D-12', 'Diploma', 'Third Year', 'Electrical', '1996-06-16', NULL, NULL, 'V', 'OBC', '14, Dehradun Heights, Vikas Society, Nashik', 'Nashik', 'Maharashtra', '9876543210', '9638527410', 'prabhatdivekar@gmail.com', 3, 'M'),
('121080057', 'VAIBHAV', 'JANARDAN', 'DHANAWADE', 'D-12', 'Diploma', 'Third Year', 'Civil', '1996-06-17', NULL, NULL, 'V', 'Open', '14, Dehradun Heights, Vikas Society, Nashik', 'Nashik', 'Maharashtra', '9876543210', '9638527410', 'prabhatdivekar@gmail.com', 3, 'M'),
('121080058', 'SANGRAM', 'DILIP', 'DESALE', 'D-12', 'Diploma', 'Third Year', 'Mechanical', '1996-06-18', NULL, NULL, 'V', 'SC', '14, Dehradun Heights, Vikas Society, Nashik', 'Nashik', 'Maharashtra', '9876543210', '9638527410', 'prabhatdivekar@gmail.com', 3, 'M');
INSERT INTO `studentsdet` (`RegistrationID`, `FirstName`, `MiddleName`, `LastName`, `HostelRoomNo`, `Course`, `Programme`, `Branch`, `DOB`, `CETMarks`, `MeritNo`, `Semester`, `Category`, `Address`, `District`, `State`, `PhoneNo`, `ParentsPhoneNo`, `EmailID`, `Status`, `Gender`) VALUES
('121080059', 'JITEN', 'SURESH', 'GAWADE', 'D-12', 'Diploma', 'Third Year', 'Mechanical', '1996-06-19', NULL, NULL, 'V', 'DEF', '14, Dehradun Heights, Vikas Society, Nashik', 'Nashik', 'Maharashtra', '9876543210', '9638527410', 'prabhatdivekar@gmail.com', 3, 'M'),
('121080060', 'ABHAY', 'PANDURANG', 'KAMBLE', 'D-12', 'Diploma', 'Third Year', 'Civil', '1996-06-20', NULL, NULL, 'V', 'SC', '14, Dehradun Heights, Vikas Society, Nashik', 'Nashik', 'Maharashtra', '9876543210', '9638527410', 'prabhatdivekar@gmail.com', 3, 'M'),
('121080061', 'SURAJ', 'PRAKASH', 'PALHAL', 'D-12', 'Diploma', 'Third Year', 'Textile', '1996-06-21', NULL, NULL, 'V', 'NT', '14, Dehradun Heights, Vikas Society, Nashik', 'Nashik', 'Maharashtra', '9876543210', '9638527410', 'prabhatdivekar@gmail.com', 3, 'M'),
('121080062', 'AKSHAY', 'PRAVIN', 'WATTAMWAR', 'D-12', 'B.Tech', 'Third Year', 'Computers', '1996-06-22', 187, 253, 'V', 'Open', '14, Dehradun Heights, Vikas Society, Nashik', 'Nashik', 'Maharashtra', '9876543210', '9638527410', 'prabhatdivekar@gmail.com', 3, 'M'),
('121080063', 'DINESH', 'MAGANGIR', 'GIRI', 'D-12', 'B.Tech', 'Third Year', 'Computers', '1996-06-23', 187, 252, 'V', 'NT', '14, Dehradun Heights, Vikas Society, Nashik', 'Nashik', 'Maharashtra', '9876543210', '9638527410', 'prabhatdivekar@gmail.com', 3, 'M'),
('121080064', 'SHUBHAM', 'NAMDEO', 'DAKE', 'D-12', 'B.Tech', 'Third Year', 'Production', '1996-06-24', 187, 251, 'V', 'OBC', '14, Dehradun Heights, Vikas Society, Nashik', 'Nashik', 'Maharashtra', '9876543210', '9638527410', 'prabhatdivekar@gmail.com', 3, 'M'),
('121080065', 'AKASH', 'DATTATRAY', 'GURLE', 'D-12', 'Diploma', 'Third Year', 'Electronics', '1996-06-25', 187, 401, 'V', 'OBC', '14, Dehradun Heights, Vikas Society, Nashik', 'Nashik', 'Maharashtra', '9876543210', '9638527410', 'prabhatdivekar@gmail.com', 3, 'M'),
('121080066', 'ROHIT', 'RAVINDRA', 'PATIL', 'D-12', 'B.Tech', 'Third Year', 'Computers', '1996-06-26', 187, 250, 'V', 'OBC', '14, Dehradun Heights, Vikas Society, Nashik', 'Nashik', 'Maharashtra', '9876543210', '9638527410', 'prabhatdivekar@gmail.com', 3, 'M'),
('121080067', 'SOYAL', 'SADIK', 'MARKHELKAR', 'D-12', 'B.Tech', 'Third Year', 'Computers', '1996-06-27', 187, 249, 'V', 'OBC', '14, Dehradun Heights, Vikas Society, Nashik', 'Nashik', 'Maharashtra', '9876543210', '9638527410', 'prabhatdivekar@gmail.com', 3, 'M'),
('121080068', 'ABHIJEET', 'NARAYAN', 'THAKARE', 'D-12', 'B.Tech', 'Third Year', 'Computers', '1996-06-28', 187, 248, 'V', 'OBC', '14, Dehradun Heights, Vikas Society, Nashik', 'Nashik', 'Maharashtra', '9876543210', '9638527410', 'prabhatdivekar@gmail.com', 3, 'M'),
('121080069', 'ABHISHEK', 'RAJKAPUR', 'SURYAWANSHI', 'D-12', 'B.Tech', 'Third Year', 'Electronics', '1996-06-29', 187, 247, 'V', 'OBC', '14, Dehradun Heights, Vikas Society, Nashik', 'Nashik', 'Maharashtra', '9876543210', '9638527410', 'prabhatdivekar@gmail.com', 3, 'M'),
('121080070', 'PRAVIN', 'SHANKAR', 'DHURDE', 'D-12', 'B.Tech', 'Third Year', 'Electronics', '1996-06-30', 187, 246, 'V', 'OBC', '14, Dehradun Heights, Vikas Society, Nashik', 'Nashik', 'Maharashtra', '9876543210', '9638527410', 'prabhatdivekar@gmail.com', 3, 'M'),
('121080071', 'SHUBHAM', 'MANOHAR', 'KATHALKAR', 'D-12', 'B.Tech', 'Third Year', 'Electronics', '1996-07-01', 187, 245, 'V', 'OBC', '14, Dehradun Heights, Vikas Society, Nashik', 'Nashik', 'Maharashtra', '9876543210', '9638527410', 'prabhatdivekar@gmail.com', 3, 'M'),
('121080072', 'ATUL', 'BHUSHAN', 'NAGARKAR', 'D-12', 'B.Tech', 'Third Year', 'Electrical', '1996-07-02', 187, 244, 'V', 'OBC', '14, Dehradun Heights, Vikas Society, Nashik', 'Nashik', 'Maharashtra', '9876543210', '9638527410', 'prabhatdivekar@gmail.com', 3, 'M'),
('121080073', 'JAHANGIR', 'KHAN', 'ABRAR', 'D-12', 'B.Tech', 'Third Year', 'Electrical', '1996-07-03', 187, 243, 'V', 'Open', '14, Dehradun Heights, Vikas Society, Nashik', 'Nashik', 'Maharashtra', '9876543210', '9638527410', 'prabhatdivekar@gmail.com', 3, 'M'),
('121080074', 'SAHEBRAO', 'MALHARRAO', 'MORE', 'D-12', 'B.Tech', 'Third Year', 'Electrical', '1996-07-04', 187, 242, 'V', 'ST', '14, Dehradun Heights, Vikas Society, Nashik', 'Nashik', 'Maharashtra', '9876543210', '9638527410', 'prabhatdivekar@gmail.com', 3, 'M'),
('121080075', 'SUDARSHAN', 'PANDIT', 'PANKE', 'D-20', 'B.Tech', 'Third Year', 'Computers', '1996-07-13', 187, 233, 'V', 'Open', '14, Dehradun Heights, Vikas Society, Nashik', 'Nashik', 'Maharashtra', '9876543210', '9638527410', 'prabhatdivekar@gmail.com', 3, 'M'),
('121080076', 'SHUBHAM', 'SURESH', 'DOIPHODE', 'D-20', 'B.Tech', 'Third Year', 'Production', '1996-07-14', 187, 232, 'V', 'SC', '14, Dehradun Heights, Vikas Society, Nashik', 'Nashik', 'Maharashtra', '9876543210', '9638527410', 'prabhatdivekar@gmail.com', 3, 'M'),
('121080077', 'RUTURAJ', 'PURUSHOTTAM', 'KAKADE', 'D-20', 'B.Tech', 'Third Year', 'Textile', '1996-07-15', 187, 231, 'V', 'SC', '14, Dehradun Heights, Vikas Society, Nashik', 'Nashik', 'Maharashtra', '9876543210', '9638527410', 'prabhatdivekar@gmail.com', 3, 'M'),
('121080078', 'SAGAR', 'SURESH', 'CHAUDHARI', 'D-20', 'B.Tech', 'Third Year', 'Information Technology', '1996-07-22', 187, 7, 'V', 'ST', '14, Dehradun Heights, Vikas Society, Nashik', 'Nashik', 'Maharashtra', '9876543210', '9638527410', 'prabhatdivekar@gmail.com', 3, 'M'),
('121080079', 'PRITHVIRAJ', 'PADMAKAR', 'PATIL', 'D-20', 'B.Tech', 'Third Year', 'Production', '1996-07-23', 187, 8, 'V', 'Open', '14, Dehradun Heights, Vikas Society, Nashik', 'Nashik', 'Maharashtra', '9876543210', '9638527410', 'prabhatdivekar@gmail.com', 3, 'M'),
('121080080', 'KUNAL', 'KHUSHAL', 'MADAVI', 'D-20', 'B.Tech', 'Third Year', 'Information Technology', '1996-07-24', 187, 9, 'V', 'ST', '14, Dehradun Heights, Vikas Society, Nashik', 'Nashik', 'Maharashtra', '9876543210', '9638527410', 'prabhatdivekar@gmail.com', 3, 'M'),
('121080081', 'SAGAR', 'PRAVIN', 'PATIL', 'D-20', 'B.Tech', 'Third Year', 'Textile', '1996-07-25', 187, 10, 'V', 'Open', '14, Dehradun Heights, Vikas Society, Nashik', 'Nashik', 'Maharashtra', '9876543210', '9638527410', 'prabhatdivekar@gmail.com', 3, 'M'),
('121080082', 'RAVIKANT', 'MALLIKARJUN', 'BHANDE', 'D-20', 'B.Tech', 'Third Year', 'Textile', '1996-07-26', 187, 11, 'V', 'NT', 'Sukh Sagar Bunglow, Shivai Nagar, Akola', 'Akola', 'Maharashtra', '9876543210', '9638527410', 'prabhatdivekar@gmail.com', 3, 'M'),
('121080083', 'MANOHAR', 'DILIPRAO', 'SHINDE', 'D-20', 'B.Tech', 'Third Year', 'Textile', '1996-07-27', 187, 12, 'V', 'Open', 'Sukh Sagar Bunglow, Shivai Nagar, Akola', 'Akola', 'Maharashtra', '9876543210', '9638527410', 'prabhatdivekar@gmail.com', 3, 'M'),
('121080084', 'RUSHIKESH', 'JAYAWANT', 'BHOSALE', 'D-20', 'B.Tech', 'Third Year', 'Electrical', '1996-07-30', 187, 14, 'V', 'OBC', 'Sukh Sagar Bunglow, Shivai Nagar, Akola', 'Akola', 'Maharashtra', '9876543210', '9638527410', 'prabhatdivekar@gmail.com', 3, 'M'),
('121080085', 'ABHIJIT', 'ARUN', 'MHASKE', 'D-20', 'B.Tech', 'Third Year', 'Electrical', '1996-07-31', 187, 15, 'V', 'NT', 'Sukh Sagar Bunglow, Shivai Nagar, Akola', 'Akola', 'Maharashtra', '9876543210', '9638527410', 'prabhatdivekar@gmail.com', 3, 'M'),
('121080086', 'SUSHANT', 'SUNIL', 'NAGARGOJE', 'D-20', 'B.Tech', 'Third Year', 'Electrical', '1996-08-01', 187, 16, 'V', 'NT ', 'Sukh Sagar Bunglow, Shivai Nagar, Akola', 'Akola', 'Maharashtra', '9876543210', '9638527410', 'prabhatdivekar@gmail.com', 3, 'M'),
('121080087', 'AMIRSOHAIL', 'NAIMODDIN', 'TAMBOLI', 'D-21', 'B.Tech', 'Third Year', 'Mechanical', '1996-08-02', 187, 17, 'V', 'OBC', 'Sukh Sagar Bunglow, Shivai Nagar, Akola', 'Akola', 'Maharashtra', '9876543210', '9638527410', 'prabhatdivekar@gmail.com', 3, 'M'),
('121080088', 'RAKESH', 'PRABHAKAR', 'GANAPA', 'D-21', 'B.Tech', 'Third Year', 'Mechanical', '1996-08-03', 187, 18, 'V', 'OBC', 'Sukh Sagar Bunglow, Shivai Nagar, Akola', 'Akola', 'Maharashtra', '9876543210', '9638527410', 'prabhatdivekar@gmail.com', 3, 'M'),
('121080089', 'SHUBHAM', 'SADASHIV', 'BARBDE', 'D-21', 'B.Tech', 'Third Year', 'Mechanical', '1996-08-04', 187, 19, 'V', 'OBC', 'Sukh Sagar Bunglow, Shivai Nagar, Akola', 'Akola', 'Maharashtra', '9876543210', '9638527410', 'prabhatdivekar@gmail.com', 3, 'M'),
('121080090', 'ABHISHEK', 'CHANDRAKANT', 'TIKONE', 'D-21', 'B.Tech', 'Third Year', 'Mechanical', '1996-08-11', 187, 26, 'V', 'NT', 'Sukh Sagar Bunglow, Shivai Nagar, Akola', 'Akola', 'Maharashtra', '9876543210', '9638527410', 'prabhatdivekar@gmail.com', 3, 'M'),
('121080091', 'ANURAG', 'VIJAY', 'JOSHI', 'D-21', 'B.Tech', 'Third Year', 'Production', '1996-08-12', 187, 27, 'V', 'Open', 'Sukh Sagar Bunglow, Shivai Nagar, Akola', 'Akola', 'Maharashtra', '9876543210', '9638527410', 'prabhatdivekar@gmail.com', 3, 'M'),
('121080092', 'ROHIT', 'BHAUSAHEB', 'KHATKALE', 'D-21', 'B.Tech', 'Third Year', 'Production', '1996-08-13', 187, 28, 'V', 'Open', 'Sukh Sagar Bunglow, Shivai Nagar, Akola', 'Akola', 'Maharashtra', '9876543210', '9638527410', 'prabhatdivekar@gmail.com', 3, 'M'),
('121080093', 'PIYUSH', 'PRAVIN', 'MHATRE', 'D-21', 'B.Tech', 'Third Year', 'Electronics and Telecommunications', '1996-08-14', 187, 29, 'V', 'OBC', 'Sukh Sagar Bunglow, Shivai Nagar, Akola', 'Akola', 'Maharashtra', '9876543210', '9638527410', 'prabhatdivekar@gmail.com', 3, 'M'),
('121080094', 'VAIBHAV', 'VIJAY', 'JADHAV', 'D-21', 'B.Tech', 'Third Year', 'Electronics and Telecommunications', '1996-08-15', 187, 30, 'V', 'OBC', 'Sukh Sagar Bunglow, Shivai Nagar, Akola', 'Akola', 'Maharashtra', '9876543210', '9638527410', 'prabhatdivekar@gmail.com', 3, 'M'),
('121080095', 'DEEPAK', 'HARISHCHANDRA', 'KHADKE', 'D-21', 'B.Tech', 'Third Year', 'Electronics and Telecommunications', '1996-08-16', 187, 31, 'V', 'OBC', 'Sukh Sagar Bunglow, Shivai Nagar, Akola', 'Akola', 'Maharashtra', '9876543210', '9638527410', 'prabhatdivekar@gmail.com', 3, 'M'),
('121080096', 'SHUBHAM', 'RUPSING', 'RAJPUT', 'D-21', 'B.Tech', 'Third Year', 'Computers', '1996-08-17', 187, 32, 'V', 'VJ', 'Sukh Sagar Bunglow, Shivai Nagar, Akola', 'Akola', 'Maharashtra', '9876543210', '9638527410', 'prabhatdivekar@gmail.com', 3, 'M'),
('121080097', 'GIRISH', 'SHARAD', 'KOLAPKAR', 'D-21', 'B.Tech', 'Third Year', 'Civil', '1996-08-18', 187, 33, 'V', 'OBC', 'Sukh Sagar Bunglow, Shivai Nagar, Akola', 'Akola', 'Maharashtra', '9876543210', '9638527410', 'prabhatdivekar@gmail.com', 3, 'M'),
('121080098', 'SHRIKANT', 'SARANGDHAR', 'BHARSAKLE', 'D-21', 'B.Tech', 'Third Year', 'Production', '1996-08-19', 187, 34, 'V', 'SC', 'Sukh Sagar Bunglow, Shivai Nagar, Akola', 'Akola', 'Maharashtra', '9876543210', '9638527410', 'prabhatdivekar@gmail.com', 3, 'M'),
('121080099', 'VIJAY', 'DNYANOBA', 'BHANDARE', 'D-21', 'B.Tech', 'Third Year', 'Information Technology', '1996-08-20', 187, 35, 'V', 'OBC', 'Sukh Sagar Bunglow, Shivai Nagar, Akola', 'Akola', 'Maharashtra', '9876543210', '9638527410', 'prabhatdivekar@gmail.com', 3, 'M'),
('121080100', 'SHUBHAM', 'SANTOSH', 'TAMBI', 'D-21', 'B.Tech', 'Third Year', 'Information Technology', '1996-08-21', 187, 36, 'V', 'Open', 'Sukh Sagar Bunglow, Shivai Nagar, Akola', 'Akola', 'Maharashtra', '9876543210', '9638527410', 'prabhatdivekar@gmail.com', 3, 'M'),
('121080101', 'AKASH', 'NAGNATH', 'PANDE', 'D-21', 'B.Tech', 'Third Year', 'Electronics and Telecommunications', '1996-08-22', 187, 37, 'V', 'Open', 'Sukh Sagar Bunglow, Shivai Nagar, Akola', 'Akola', 'Maharashtra', '9876543210', '9638527410', 'prabhatdivekar@gmail.com', 3, 'M'),
('121080102', 'SHUBHAM', 'BHALCHANDRA', 'KHODE', 'D-21', 'B.Tech', 'Third Year', 'Electronics and Telecommunications', '1996-08-23', 187, 38, 'V', 'OBC', 'Sukh Sagar Bunglow, Shivai Nagar, Akola', 'Akola', 'Maharashtra', '9876543210', '9638527410', 'prabhatdivekar@gmail.com', 3, 'M'),
('121080103', 'SWAPNIL', 'RAMDASJI', 'ZAMBARE', 'D-21', 'B.Tech', 'Third Year', 'Electronics', '1996-08-24', 187, 39, 'V', 'SC', 'Sukh Sagar Bunglow, Shivai Nagar, Akola', 'Akola', 'Maharashtra', '9876543210', '9638527410', 'prabhatdivekar@gmail.com', 3, 'M'),
('121080104', 'ADESH', 'PANDURANG', 'BHOIR', 'D-21', 'B.Tech', 'Third Year', 'Electronics', '1996-08-25', 187, 40, 'V', 'ST', 'Sukh Sagar Bunglow, Shivai Nagar, Akola', 'Akola', 'Maharashtra', '9876543210', '9638527410', 'prabhatdivekar@gmail.com', 3, 'M'),
('121080105', 'ATUL', 'PRAKASH', 'AWCHAR', 'D-21', 'B.Tech', 'Third Year', 'Mechanical', '1996-08-26', 187, 41, 'V', 'OBC', 'Sukh Sagar Bunglow, Shivai Nagar, Akola', 'Akola', 'Maharashtra', '9876543210', '9638527410', 'prabhatdivekar@gmail.com', 3, 'M'),
('121080106', 'SURAJ', 'MALLIKARJUN', 'WALE', 'D-21', 'B.Tech', 'Third Year', 'Mechanical', '1996-08-27', 187, 42, 'V', 'SBC', 'Sukh Sagar Bunglow, Shivai Nagar, Akola', 'Akola', 'Maharashtra', '9876543210', '9638527410', 'prabhatdivekar@gmail.com', 3, 'M'),
('121080107', 'RAHUL', 'RAJENDRA', 'GUNDRE', 'D-21', 'B.Tech', 'Third Year', 'Mechanical', '1996-08-28', 187, 43, 'V', 'OBC', 'Sukh Sagar Bunglow, Shivai Nagar, Akola', 'Akola', 'Maharashtra', '9876543210', '9638527410', 'prabhatdivekar@gmail.com', 3, 'M'),
('121080108', 'SARTHAK', 'VIDYASAGAR', 'JOSHI', 'D-21', 'Diploma', 'Third Year', 'Textile', '1996-08-29', NULL, NULL, 'V', 'Open', 'Sukh Sagar Bunglow, Shivai Nagar, Akola', 'Akola', 'Maharashtra', '9876543210', '9638527410', 'prabhatdivekar@gmail.com', 3, 'M'),
('121080109', 'AKSHAY', 'RAMESH', 'JADHAV', 'D-21', 'Diploma', 'Third Year', 'Textile', '1996-08-30', NULL, NULL, 'V', 'Open', 'Sukh Sagar Bunglow, Shivai Nagar, Akola', 'Akola', 'Maharashtra', '9876543210', '9638527410', 'prabhatdivekar@gmail.com', 3, 'M'),
('121080110', 'HARSHAL', 'SUBHASH', 'NIL', 'D-22', 'Diploma', 'Third Year', 'Mechanical', '1996-08-31', NULL, NULL, 'V', 'NT', 'Sukh Sagar Bunglow, Shivai Nagar, Akola', 'Akola', 'Maharashtra', '9876543210', '9638527410', 'prabhatdivekar@gmail.com', 3, 'M'),
('121080111', 'RISHABH', 'SURINDER', 'MISRI', 'D-22', 'Diploma', 'Third Year', 'Mechanical', '1996-09-01', NULL, NULL, 'V', 'Open', 'Sukh Sagar Bunglow, Shivai Nagar, Akola', 'Akola', 'Maharashtra', '9876543210', '9638527410', 'prabhatdivekar@gmail.com', 3, 'M'),
('121080112', 'VIKAS', 'BALASAHEB', 'BIRARI', 'D-22', 'B.Tech', 'Third Year', 'Civil', '1996-09-04', 187, 46, 'V', 'OBC', 'Sukh Sagar Bunglow, Shivai Nagar, Akola', 'Akola', 'Maharashtra', '9876543210', '9638527410', 'prabhatdivekar@gmail.com', 3, 'M'),
('121080113', 'PRASAD', 'SHIVAJIRAO', 'CHAME', 'D-22', 'B.Tech', 'Third Year', 'Civil', '1996-09-05', 187, 47, 'V', 'OBC', 'Sukh Sagar Bunglow, Shivai Nagar, Akola', 'Akola', 'Maharashtra', '9876543210', '9638527410', 'prabhatdivekar@gmail.com', 3, 'M'),
('121080114', 'AKSHAY', 'MAHESHRAO', 'GHOLAP', 'D-22', 'B.Tech', 'Third Year', 'Civil', '1996-09-06', 187, 48, 'V', 'OBC', 'Sukh Sagar Bunglow, Shivai Nagar, Akola', 'Akola', 'Maharashtra', '9876543210', '9638527410', 'prabhatdivekar@gmail.com', 3, 'M'),
('121080115', 'AKSHAY', 'SURESHRAO', 'NANDURKAR', 'D-22', 'B.Tech', 'Third Year', 'Civil', '1996-09-07', 187, 49, 'V', 'SBC', 'Sukh Sagar Bunglow, Shivai Nagar, Akola', 'Akola', 'Maharashtra', '9876543210', '9638527410', 'prabhatdivekar@gmail.com', 3, 'M'),
('121080116', 'PANKAJ', 'BAJIRAO', 'KALE', 'D-22', 'B.Tech', 'Third Year', 'Civil', '1996-09-08', 187, 50, 'V', 'PH', 'Sukh Sagar Bunglow, Shivai Nagar, Akola', 'Akola', 'Maharashtra', '9876543210', '9638527410', 'prabhatdivekar@gmail.com', 3, 'M'),
('121080117', 'VARAD', 'ABHAY', 'DESHPANDE', 'D-30', 'B.Tech', 'Third Year', 'Production', '1996-09-23', 187, 65, 'V', 'Open', 'Sukh Sagar Bunglow, Shivai Nagar, Akola', 'Akola', 'Maharashtra', '9876543210', '9638527410', 'prabhatdivekar@gmail.com', 3, 'M'),
('121080118', 'MUKUND', 'SUNIL', 'PHAFAT', 'D-30', 'B.Tech', 'Third Year', 'Production', '1996-09-24', 187, 66, 'V', 'Open', 'Sukh Sagar Bunglow, Shivai Nagar, Akola', 'Akola', 'Maharashtra', '9876543210', '9638527410', 'prabhatdivekar@gmail.com', 3, 'M'),
('121080119', 'ANKIT', 'PANKAJ', 'RAITHATA', 'D-30', 'B.Tech', 'Third Year', 'Production', '1996-09-25', 187, 67, 'V', 'Open', 'Sukh Sagar Bunglow, Shivai Nagar, Akola', 'Akola', 'Maharashtra', '9876543210', '9638527410', 'prabhatdivekar@gmail.com', 3, 'M'),
('121080120', 'PRASHIK', 'R.', 'HANDE', 'D-30', 'B.Tech', 'Third Year', 'Computers', '1996-10-05', 187, 77, 'V', 'SC', 'Sukh Sagar Bunglow, Shivai Nagar, Akola', 'Akola', 'Maharashtra', '9876543210', '9638527410', 'prabhatdivekar@gmail.com', 3, 'M'),
('121080121', 'SAGAR', 'KISANSING', 'GAIRWAR', 'D-30', 'B.Tech', 'Third Year', 'Computers', '1996-10-06', 187, 78, 'V', 'Open', 'Sukh Sagar Bunglow, Shivai Nagar, Akola', 'Akola', 'Maharashtra', '9876543210', '9638527410', 'prabhatdivekar@gmail.com', 3, 'M'),
('121080122', 'SANDIP', 'S.', 'KARHADE', 'D-31', 'B.Tech', 'Third Year', 'Civil', '1996-10-07', 187, 79, 'V', 'ST', 'Sukh Sagar Bunglow, Shivai Nagar, Akola', 'Akola', 'Maharashtra', '9876543210', '9638527410', 'prabhatdivekar@gmail.com', 3, 'M'),
('121080123', 'NITIN', 'GANGADHAR', 'PUKE', 'D-31', 'B.Tech', 'Third Year', 'Mechanical', '1996-10-08', 187, 80, 'V', 'Open', 'Sukh Sagar Bunglow, Shivai Nagar, Akola', 'Akola', 'Maharashtra', '9876543210', '9638527410', 'prabhatdivekar@gmail.com', 3, 'M'),
('121080124', 'NIRAJ', 'ANIL', 'BARHATE', 'D-31', 'Diploma', 'Third Year', 'Textile', '1996-10-22', NULL, NULL, 'V', 'OBC', '22-A/24,Vasant Vihar,Thane West', 'Thane', 'Maharashtra', '9876543210', '9638527410', 'prabhatdivekar@gmail.com', 3, 'M'),
('121080125', 'SADASHIV', 'SOPAN', 'KOLEKAR', 'D-31', 'Diploma', 'Third Year', 'Mechanical', '1996-10-23', NULL, NULL, 'V', 'NT', '22-A/24,Vasant Vihar,Thane West', 'Thane', 'Maharashtra', '9876543210', '9638527410', 'prabhatdivekar@gmail.com', 3, 'M'),
('121080126', 'CHINMAY', 'R.', 'PATIL', 'D-31', 'B.Tech', 'Third Year', 'Computers', '1996-10-28', 187, 93, 'V', 'OBC', '22-A/24,Vasant Vihar,Thane West', 'Thane', 'Maharashtra', '9876543210', '9638527410', 'prabhatdivekar@gmail.com', 3, 'M'),
('121080127', 'PRASHIL', 'DINKAR', 'PATIL', 'D-31', 'B.Tech', 'Third Year', 'Textile', '1996-10-29', 187, 94, 'V', 'VJ', '22-A/24,Vasant Vihar,Thane West', 'Thane', 'Maharashtra', '9876543210', '9638527410', 'prabhatdivekar@gmail.com', 3, 'M'),
('121080128', 'VIVEK', 'B.', 'RATHOD', 'D-31', 'B.Tech', 'Third Year', 'Information Technology', '1996-10-30', 187, 95, 'V', 'VJ', '22-A/24,Vasant Vihar,Thane West', 'Thane', 'Maharashtra', '9876543210', '9638527410', 'prabhatdivekar@gmail.com', 3, 'M'),
('121080129', 'HRUSHIKESH', 'SANJAY', 'CHAUDHARI', 'D-40', 'B.Tech', 'Third Year', 'Electrical', '1996-12-10', 187, 136, 'V', 'OBC', '22-A/24,Vasant Vihar,Thane West', 'Thane', 'Maharashtra', '9876543210', '9638527410', 'prabhatdivekar@gmail.com', 3, 'M'),
('121080130', 'HRUSHIKESH', 'RAJESH', 'AMBAVANE', 'D-41', 'Diploma', 'Third Year', 'Civil', '1996-12-21', NULL, NULL, 'V', 'OBC', '22-A/24,Vasant Vihar,Thane West', 'Thane', 'Maharashtra', '9876543210', '9638527410', 'prabhatdivekar@gmail.com', 3, 'M'),
('121080131', 'KIRAN', 'U.', 'PATYEKAR', 'D-41', 'Diploma', 'Third Year', 'Civil', '1996-12-22', NULL, NULL, 'V', 'SC', '22-A/24,Vasant Vihar,Thane West', 'Thane', 'Maharashtra', '9876543210', '9638527410', 'prabhatdivekar@gmail.com', 3, 'M'),
('121080132', 'RAJAT', 'MAROTRAO', 'BELKHUDE', 'D-41', 'B.Tech', 'Third Year', 'Production', '1996-12-23', 187, 147, 'V', 'VJ', '22-A/24,Vasant Vihar,Thane West', 'Thane', 'Maharashtra', '9876543210', '9638527410', 'prabhatdivekar@gmail.com', 3, 'M'),
('121080133', 'ASHWIN', 'ASARAM', 'KRIPAN', 'D-41', 'B.Tech', 'Third Year', 'Production', '1996-12-24', 187, 148, 'V', 'OBC', '22-A/24,Vasant Vihar,Thane West', 'Thane', 'Maharashtra', '9876543210', '9638527410', 'prabhatdivekar@gmail.com', 3, 'M'),
('121080134', 'PRATIK', 'VIJAY', 'PATIL', 'D-41', 'B.Tech', 'Third Year', 'Computers', '1996-12-29', 187, 160, 'V', 'OBC', '22-A/24,Vasant Vihar,Thane West', 'Thane', 'Maharashtra', '9876543210', '9638527410', 'prabhatdivekar@gmail.com', 3, 'M'),
('121080135', 'VIKRAM', 'RAMKISHAN', 'HAIBATE', 'D-41', 'B.Tech', 'Third Year', 'Computers', '1996-12-30', 187, 161, 'V', 'NT', '22-A/24,Vasant Vihar,Thane West', 'Thane', 'Maharashtra', '9876543210', '9638527410', 'prabhatdivekar@gmail.com', 3, 'M'),
('121080136', 'ANAND', 'VIKAS', 'SONAWANE', 'D-41', 'B.Tech', 'Third Year', 'Computers', '1996-12-31', 187, 162, 'V', 'OBC', '22-A/24,Vasant Vihar,Thane West', 'Thane', 'Maharashtra', '9876543210', '9638527410', 'prabhatdivekar@gmail.com', 3, 'M'),
('121080137', 'SHRIRAM', 'DHANAJI', 'BIRADAR', 'D-41', 'Diploma', 'Third Year', 'Civil', '1997-01-01', NULL, NULL, 'V', 'NT', '22-A/24,Vasant Vihar,Thane West', 'Thane', 'Maharashtra', '9876543210', '9638527410', 'prabhatdivekar@gmail.com', 3, 'M'),
('121080138', 'VINAY', 'VIJAY', 'LANJEWAR', 'D-41', 'Diploma', 'Third Year', 'Electrical', '1997-01-02', NULL, NULL, 'V', 'OBC', '22-A/24,Vasant Vihar,Thane West', 'Thane', 'Maharashtra', '9876543210', '9638527410', 'prabhatdivekar@gmail.com', 3, 'M'),
('131080001', 'BHAVESH', 'KALYANRAO', 'DEORE', 'C-17', 'B.Tech', 'Second Year', 'Information Technology', '1995-12-05', 187, 106, 'III', 'OBC', 'Neelkanth Bunglow, Durga Killa, Raigad', 'Raigad', 'Maharashtra', '9876543210', '9638527410', 'prabhatdivekar@gmail.com', 3, 'M'),
('131080002', 'SHUBHAM', 'RAMBHAU', 'GAWANDE', 'C-17', 'B.Tech', 'Second Year', 'Textile', '1995-12-06', 187, 107, 'III', 'NT', 'Neelkanth Bunglow, Durga Killa, Raigad', 'Raigad', 'Maharashtra', '9876543210', '9638527410', 'prabhatdivekar@gmail.com', 3, 'M'),
('131080003', 'AKSHAY', 'PRAKASH', 'HOLEY', 'C-17', 'B.Tech', 'Second Year', 'Electrical', '1995-12-07', 187, 108, 'III', 'VJ', 'Neelkanth Bunglow, Durga Killa, Raigad', 'Raigad', 'Maharashtra', '9876543210', '9638527410', 'prabhatdivekar@gmail.com', 3, 'M'),
('131080004', 'AMIT', 'GOKUL', 'LOKARE', 'C-18', 'B.Tech', 'Second Year', 'Electronics', '1995-12-08', 187, 109, 'III', 'Open', 'Neelkanth Bunglow, Durga Killa, Raigad', 'Raigad', 'Maharashtra', '9876543210', '9638527410', 'prabhatdivekar@gmail.com', 3, 'M'),
('131080005', 'SUNIL', 'BALASAHEB', 'MALI', 'C-18', 'B.Tech', 'Second Year', 'Electronics', '1995-12-09', 187, 110, 'III', 'OBC', 'Neelkanth Bunglow, Durga Killa, Raigad', 'Raigad', 'Maharashtra', '9876543210', '9638527410', 'prabhatdivekar@gmail.com', 3, 'M'),
('131080006', 'KALPAK', 'MANOHAR', 'KHATGAONKAR', 'C-18', 'B.Tech', 'Second Year', 'Electronics and Telecommunications', '1995-12-10', 187, 111, 'III', 'NT', 'Neelkanth Bunglow, Durga Killa, Raigad', 'Raigad', 'Maharashtra', '9876543210', '9638527410', 'prabhatdivekar@gmail.com', 3, 'M'),
('131080007', 'KILAS', 'LAXMAN', 'PURI', 'C-19', 'B.Tech', 'Second Year', 'Electronics', '1995-12-11', 187, 112, 'III', 'NT', 'Neelkanth Bunglow, Durga Killa, Raigad', 'Raigad', 'Maharashtra', '9876543210', '9638527410', 'prabhatdivekar@gmail.com', 3, 'M'),
('131080008', 'MOHIT', 'PRADEEP', 'JAJU', 'C-19', 'B.Tech', 'Second Year', 'Electronics and Telecommunications', '1995-12-12', 187, 113, 'III', 'Open', 'Neelkanth Bunglow, Durga Killa, Raigad', 'Raigad', 'Maharashtra', '9876543210', '9638527410', 'prabhatdivekar@gmail.com', 3, 'M'),
('131080009', 'VIVEK', 'SUDHAKAR', 'AJAGE', 'C-19', 'B.Tech', 'Second Year', 'Electronics', '1995-12-13', 187, 114, 'III', 'NT', '51-C, Kesari Building, Mango Market, Sindhudurg', 'Sindhudurg', 'Maharashtra', '9876543210', '9638527410', 'prabhatdivekar@gmail.com', 3, 'M'),
('131080010', 'PRASAD', 'HANUMANT', 'RAUT', 'C-20', 'B.Tech', 'Second Year', 'Electronics and Telecommunications', '1995-12-14', 187, 115, 'III', 'SC', '51-C, Kesari Building, Mango Market, Sindhudurg', 'Sindhudurg', 'Maharashtra', '9876543210', '9638527410', 'prabhatdivekar@gmail.com', 3, 'M'),
('131080011', 'HEMANT', 'RAJENDRA', 'JAIN', 'C-20', 'B.Tech', 'Second Year', 'Electronics', '1995-12-15', 187, 116, 'III', 'Open', '51-C, Kesari Building, Mango Market, Sindhudurg', 'Sindhudurg', 'Maharashtra', '9876543210', '9638527410', 'prabhatdivekar@gmail.com', 3, 'M'),
('131080012', 'RISHIKESH', 'DEVIDAS', 'PATIL', 'C-20', 'B.Tech', 'Second Year', 'Electronics', '1995-12-16', 187, 117, 'III', 'OBC', '51-C, Kesari Building, Mango Market, Sindhudurg', 'Sindhudurg', 'Maharashtra', '9876543210', '9638527410', 'prabhatdivekar@gmail.com', 3, 'M'),
('131080013', 'ROHAN', 'NITIN', 'DEORE', 'C-21', 'B.Tech', 'Second Year', 'Production', '1995-12-17', 187, 118, 'III', 'Open', '51-C, Kesari Building, Mango Market, Sindhudurg', 'Sindhudurg', 'Maharashtra', '9876543210', '9638527410', 'prabhatdivekar@gmail.com', 3, 'M'),
('131080014', 'HIMANSHU', 'PRAVIN', 'JAISWAL', 'C-21', 'B.Tech', 'Second Year', 'Civil', '1995-12-18', 187, 119, 'III', 'OBC', '51-C, Kesari Building, Mango Market, Sindhudurg', 'Sindhudurg', 'Maharashtra', '9876543210', '9638527410', 'prabhatdivekar@gmail.com', 3, 'M'),
('131080015', 'SHUBHAM', 'DNYANESHWAR', 'SURYAWANSHI', 'C-21', 'B.Tech', 'Second Year', 'Civil', '1995-12-19', 187, 120, 'III', 'PH', '51-C, Kesari Building, Mango Market, Sindhudurg', 'Sindhudurg', 'Maharashtra', '9876543210', '9638527410', 'prabhatdivekar@gmail.com', 3, 'M'),
('131080016', 'ROHIT', 'DNYANESHWAR', 'CHIMATE', 'C-22', 'B.Tech', 'Second Year', 'Electrical', '1995-12-20', 187, 121, 'III', 'ST', '51-C, Kesari Building, Mango Market, Sindhudurg', 'Sindhudurg', 'Maharashtra', '9876543210', '9638527410', 'prabhatdivekar@gmail.com', 3, 'M'),
('131080017', 'PRADIPKUMAR', 'RAMDAS', 'MORE', 'C-22', 'B.Tech', 'Second Year', 'Electronics and Telecommunications', '1995-12-21', 187, 122, 'III', 'VJ', '51-C, Kesari Building, Mango Market, Sindhudurg', 'Sindhudurg', 'Maharashtra', '9876543210', '9638527410', 'prabhatdivekar@gmail.com', 3, 'M'),
('131080018', 'GANESH', 'RAMRAO', 'CHAINPURE', 'C-22', 'B.Tech', 'Second Year', 'Electronics and Telecommunications', '1995-12-22', 187, 123, 'III', 'ST', '51-C, Kesari Building, Mango Market, Sindhudurg', 'Sindhudurg', 'Maharashtra', '9876543210', '9638527410', 'prabhatdivekar@gmail.com', 3, 'M'),
('131080019', 'MAHENDRA', 'RAVINDRA', 'BENDALE', 'C-23', 'Diploma', 'Second Year', 'Electronics', '1995-12-23', NULL, NULL, 'III', 'OBC', '51-C, Kesari Building, Mango Market, Sindhudurg', 'Sindhudurg', 'Maharashtra', '9876543210', '9638527410', 'prabhatdivekar@gmail.com', 3, 'M'),
('131080020', 'DEVESH', 'SATTATRAY', 'DHAPASHI', 'C-23', 'Diploma', 'Second Year', 'Mechanical', '1995-12-24', NULL, NULL, 'III', 'ST', '51-C, Kesari Building, Mango Market, Sindhudurg', 'Sindhudurg', 'Maharashtra', '9876543210', '9638527410', 'prabhatdivekar@gmail.com', 3, 'M'),
('131080021', 'MUKUL', 'GHANASHAM', 'CHAUDHARI', 'C-24', 'Diploma', 'Second Year', 'Electrical', '1995-12-25', NULL, NULL, 'III', 'OBC', '51-C, Kesari Building, Mango Market, Sindhudurg', 'Sindhudurg', 'Maharashtra', '9876543210', '9638527410', 'prabhatdivekar@gmail.com', 3, 'M'),
('131080022', 'SHAILESH', 'DINKAR', 'MADAKE', 'C-24', 'Diploma', 'Second Year', 'Mechanical', '1995-12-26', NULL, NULL, 'III', 'NT', '51-C, Kesari Building, Mango Market, Sindhudurg', 'Sindhudurg', 'Maharashtra', '9876543210', '9638527410', 'prabhatdivekar@gmail.com', 3, 'M'),
('131080023', 'MANISH', 'VILAS', 'BHOLE', 'C-24', 'Diploma', 'Second Year', 'Mechanical', '1995-12-27', NULL, NULL, 'III', 'OBC', '51-C, Kesari Building, Mango Market, Sindhudurg', 'Sindhudurg', 'Maharashtra', '9876543210', '9638527410', 'prabhatdivekar@gmail.com', 3, 'M'),
('131080024', 'SUSHANT', 'HANUMANTRAO', 'SHIVANKAR', 'C-25', 'B.Tech', 'Second Year', 'Mechanical', '1995-12-28', 187, 200, 'III', 'OBC', '51-C, Kesari Building, Mango Market, Sindhudurg', 'Sindhudurg', 'Maharashtra', '9876543210', '9638527410', 'prabhatdivekar@gmail.com', 3, 'M'),
('131080025', 'YASH', 'PANDURANG', 'WAGHMODE', 'C-25', 'B.Tech', 'Second Year', 'Textile', '1995-12-29', 187, 199, 'III', 'NT', '51-C, Kesari Building, Mango Market, Sindhudurg', 'Sindhudurg', 'Maharashtra', '9876543210', '9638527410', 'prabhatdivekar@gmail.com', 3, 'M'),
('131080026', 'AJINKYA', 'BHARAT', 'JADHAV', 'C-25', 'B.Tech', 'Second Year', 'Textile', '1995-12-30', 187, 198, 'III', 'Open', '51-C, Kesari Building, Mango Market, Sindhudurg', 'Sindhudurg', 'Maharashtra', '9876543210', '9638527410', 'prabhatdivekar@gmail.com', 3, 'M'),
('131080027', 'BHUSHAN', 'UGAMRAJ', 'PIPADA', 'C-26', 'B.Tech', 'Second Year', 'Production', '1995-12-31', 187, 197, 'III', 'Open', '51-C, Kesari Building, Mango Market, Sindhudurg', 'Sindhudurg', 'Maharashtra', '9876543210', '9638527410', 'prabhatdivekar@gmail.com', 3, 'M'),
('131080028', 'SHUBHAM', 'DILIP', 'MAHAJAN', 'C-26', 'B.Tech', 'Second Year', 'Textile', '1996-01-01', 187, 196, 'III', 'OBC', '51-C, Kesari Building, Mango Market, Sindhudurg', 'Sindhudurg', 'Maharashtra', '9876543210', '9638527410', 'prabhatdivekar@gmail.com', 3, 'M'),
('131080029', 'RAJAT', 'JAGDIDH', 'GIRNIWALE', 'C-26', 'B.Tech', 'Second Year', 'Production', '1996-01-02', 187, 195, 'III', 'Open', '51-C, Kesari Building, Mango Market, Sindhudurg', 'Sindhudurg', 'Maharashtra', '9876543210', '9638527410', 'prabhatdivekar@gmail.com', 3, 'M'),
('131080030', 'RAM', 'SURESH', 'PARYANI', 'C-27', 'B.Tech', 'Second Year', 'Production', '1996-01-03', 187, 194, 'III', 'Open', '51-C, Kesari Building, Mango Market, Sindhudurg', 'Sindhudurg', 'Maharashtra', '9876543210', '9638527410', 'prabhatdivekar@gmail.com', 3, 'M'),
('131080031', 'ROHAN', 'LAXMAN', 'CHALWADI', 'C-27', 'B.Tech', 'Second Year', 'Production', '1996-01-04', 187, 193, 'III', 'SC', '51-C, Kesari Building, Mango Market, Sindhudurg', 'Sindhudurg', 'Maharashtra', '9876543210', '9638527410', 'prabhatdivekar@gmail.com', 3, 'M'),
('131080032', 'AKSHAYKUMAR', 'PAVANKUMAR', 'MALPANI', 'C-27', 'B.Tech', 'Second Year', 'Production', '1996-01-05', 187, 192, 'III', 'Open', '51-C, Kesari Building, Mango Market, Sindhudurg', 'Sindhudurg', 'Maharashtra', '9876543210', '9638527410', 'prabhatdivekar@gmail.com', 3, 'M'),
('131080033', 'CHAITNYA', 'DIGAMBAR', 'REKHI', 'C-28', 'B.Tech', 'Second Year', 'Production', '1996-01-06', 187, 191, 'III', 'Open', '51-C, Kesari Building, Mango Market, Sindhudurg', 'Sindhudurg', 'Maharashtra', '9876543210', '9638527410', 'prabhatdivekar@gmail.com', 3, 'M'),
('131080034', 'ASHWIN', 'SHIVHARI', 'JOHARI', 'C-28', 'B.Tech', 'Second Year', 'Production', '1996-01-07', 187, 190, 'III', 'OBC', '51-C, Kesari Building, Mango Market, Sindhudurg', 'Sindhudurg', 'Maharashtra', '9876543210', '9638527410', 'prabhatdivekar@gmail.com', 3, 'M'),
('131080035', 'SHASHANK', 'JAYPRAKASH', 'BONDRE', 'C-28', 'B.Tech', 'Second Year', 'Textile', '1996-01-08', 187, 189, 'III', 'OBC', '51-C, Kesari Building, Mango Market, Sindhudurg', 'Sindhudurg', 'Maharashtra', '9876543210', '9638527410', 'prabhatdivekar@gmail.com', 3, 'M'),
('131080036', 'SHIVRAJ', 'RAJENDRA', 'PAWAR', 'C-29', 'B.Tech', 'Second Year', 'Production', '1996-01-09', 187, 188, 'III', 'OBC', '51-C, Kesari Building, Mango Market, Sindhudurg', 'Sindhudurg', 'Maharashtra', '9876543210', '9638527410', 'prabhatdivekar@gmail.com', 3, 'M'),
('131080037', 'PRAFUL', 'BHASKAR', 'KHOBRAGADE', 'C-29', 'B.Tech', 'Second Year', 'Electronics', '1996-01-10', 187, 187, 'III', 'SC', '51-C, Kesari Building, Mango Market, Sindhudurg', 'Sindhudurg', 'Maharashtra', '9876543210', '9638527410', 'prabhatdivekar@gmail.com', 3, 'M'),
('131080038', 'AJINKYA', 'BHARAT', 'PALWE', 'C-29', 'B.Tech', 'Second Year', 'Electronics and Telecommunications', '1996-01-11', 187, 186, 'III', 'NT', '51-C, Kesari Building, Mango Market, Sindhudurg', 'Sindhudurg', 'Maharashtra', '9876543210', '9638527410', 'prabhatdivekar@gmail.com', 3, 'M'),
('131080039', 'SAGAR', 'RAJENDRAKUMAR', 'MEHTA', 'C-30', 'B.Tech', 'Second Year', 'Mechanical', '1996-01-12', 187, 185, 'III', 'Open', '51-C, Kesari Building, Mango Market, Sindhudurg', 'Sindhudurg', 'Maharashtra', '9876543210', '9638527410', 'prabhatdivekar@gmail.com', 3, 'M'),
('131080040', 'ANKIT', 'ANIL', 'CHAUDHARI', 'C-30', 'B.Tech', 'Second Year', 'Civil', '1996-01-13', 187, 184, 'III', 'OBC', '51-C, Kesari Building, Mango Market, Sindhudurg', 'Sindhudurg', 'Maharashtra', '9876543210', '9638527410', 'prabhatdivekar@gmail.com', 3, 'M'),
('131080041', 'AKSHAY', 'UMESH', 'SHAH', 'C-30', 'B.Tech', 'Second Year', 'Civil', '1996-01-14', 187, 183, 'III', 'Open', '51-C, Kesari Building, Mango Market, Sindhudurg', 'Sindhudurg', 'Maharashtra', '9876543210', '9638527410', 'prabhatdivekar@gmail.com', 3, 'M'),
('131080042', 'KSHITIJ', '', 'AGRAWAL', 'C-31', 'B.Tech', 'Second Year', 'Electrical', '1996-01-15', 187, 182, 'III', 'Open', '51-C, Kesari Building, Mango Market, Sindhudurg', 'Sindhudurg', 'Maharashtra', '9876543210', '9638527410', 'prabhatdivekar@gmail.com', 3, 'M'),
('131080043', 'ANURAG', 'AVADHUT', 'JOSHI', 'C-31', 'B.Tech', 'Second Year', 'Production', '1996-01-16', 187, 181, 'III', 'SBC', '51-C, Kesari Building, Mango Market, Sindhudurg', 'Sindhudurg', 'Maharashtra', '9876543210', '9638527410', 'prabhatdivekar@gmail.com', 3, 'M'),
('131080044', 'SHRIRAM', 'UTTAM', 'NADE', 'C-31', 'B.Tech', 'Second Year', 'Electrical', '1996-01-17', 187, 180, 'III', 'Open', '51-C, Kesari Building, Mango Market, Sindhudurg', 'Sindhudurg', 'Maharashtra', '9876543210', '9638527410', 'prabhatdivekar@gmail.com', 3, 'M'),
('131080045', 'MANOJ', 'BHANUDAS', 'KHARDE', 'C-32', 'B.Tech', 'Second Year', 'Civil', '1996-01-18', 187, 179, 'III', 'Open', '51-C, Kesari Building, Mango Market, Sindhudurg', 'Sindhudurg', 'Maharashtra', '9876543210', '9638527410', 'prabhatdivekar@gmail.com', 3, 'M'),
('131080046', 'PALASH', 'DINESHKUMAR', 'AGRAWAL', 'C-32', 'B.Tech', 'Second Year', 'Civil', '1996-01-19', 187, 178, 'III', 'Open', '51-C, Kesari Building, Mango Market, Sindhudurg', 'Sindhudurg', 'Maharashtra', '9876543210', '9638527410', 'prabhatdivekar@gmail.com', 3, 'M'),
('131080047', 'PARIKSHIT', 'RAJIV', 'DESHMUKH', 'C-32', 'B.Tech', 'Second Year', 'Civil', '1996-01-20', 187, 177, 'III', 'Open', '51-C, Kesari Building, Mango Market, Sindhudurg', 'Sindhudurg', 'Maharashtra', '9876543210', '9638527410', 'prabhatdivekar@gmail.com', 3, 'M'),
('131080048', 'ROHAN', 'DEEPAK', 'VELHAL', 'C-33', 'Diploma', 'Second Year', 'Electrical', '1996-01-21', NULL, NULL, 'III', 'OBC', '51-C, Kesari Building, Mango Market, Sindhudurg', 'Sindhudurg', 'Maharashtra', '9876543210', '9638527410', 'prabhatdivekar@gmail.com', 3, 'M'),
('131080049', 'PRASHANT', 'ANKUSH', 'DARADE', 'C-33', 'Diploma', 'Second Year', 'Civil', '1996-01-22', NULL, NULL, 'III', 'NT', '51-C, Kesari Building, Mango Market, Sindhudurg', 'Sindhudurg', 'Maharashtra', '9876543210', '9638527410', 'prabhatdivekar@gmail.com', 3, 'M'),
('131080050', 'KAUSHAL', 'PRADIP', 'BHANUSHALI', 'c58', 'Diploma', 'Second Year', 'Electrical', '1996-01-23', NULL, NULL, 'III', 'Open', '51-C, Kesari Building, Mango Market, Sindhudurg', 'Sindhudurg', 'Maharashtra', '9876543210', '9638527410', 'prabhatdivekar@gmail.com', 3, 'M'),
('131080051', 'TUFANKUMAR', 'BALINDRA', 'PRASAD', 'C-34', 'Diploma', 'Second Year', 'Electrical', '1996-01-24', NULL, NULL, 'III', 'Open', '51-C, Kesari Building, Mango Market, Sindhudurg', 'Sindhudurg', 'Maharashtra', '9876543210', '9638527410', 'prabhatdivekar@gmail.com', 3, 'M'),
('131080052', 'MOHITRANA', 'MAHENDRASINGH', 'SISODIYA', 'C-34', 'Diploma', 'Second Year', 'Electrical', '1996-01-25', NULL, NULL, 'III', 'VJ', '51-C, Kesari Building, Mango Market, Sindhudurg', 'Sindhudurg', 'Maharashtra', '9876543210', '9638527410', 'prabhatdivekar@gmail.com', 3, 'M'),
('131080053', 'KIRAN', 'DADARAO', 'BUTKARE', 'C-35', 'B.Tech', 'Second Year', 'Electronics and Telecommunications', '1996-01-26', 187, 176, 'III', 'SC', '51-C, Kesari Building, Mango Market, Sindhudurg', 'Sindhudurg', 'Maharashtra', '9876543210', '9638527410', 'prabhatdivekar@gmail.com', 3, 'M'),
('131080054', 'PRASHANT', 'ANKUSH', 'SANAP', 'C-35', 'B.Tech', 'Second Year', 'Electrical', '1996-01-27', 187, 175, 'III', 'NT', '51-C, Kesari Building, Mango Market, Sindhudurg', 'Sindhudurg', 'Maharashtra', '9876543210', '9638527410', 'prabhatdivekar@gmail.com', 3, 'M'),
('131080055', 'SAGAR', 'ASHRU', 'SABLE', 'C-35', 'B.Tech', 'Second Year', 'Information Technology', '1996-01-28', 187, 174, 'III', 'OBC', '51-C, Kesari Building, Mango Market, Sindhudurg', 'Sindhudurg', 'Maharashtra', '9876543210', '9638527410', 'prabhatdivekar@gmail.com', 3, 'M'),
('131080056', 'PARIMAL', 'DIWAKAR', 'KORDE', 'C-36', 'B.Tech', 'Second Year', 'Electrical', '1996-01-29', 187, 173, 'III', 'OBC', '51-C, Kesari Building, Mango Market, Sindhudurg', 'Sindhudurg', 'Maharashtra', '9876543210', '9638527410', 'prabhatdivekar@gmail.com', 3, 'M'),
('131080057', 'SUMIT', 'TUKARAMJI', 'DAWARE', 'C-36', 'B.Tech', 'Second Year', 'Electrical', '1996-01-30', 187, 172, 'III', 'OBC', '51-C, Kesari Building, Mango Market, Sindhudurg', 'Sindhudurg', 'Maharashtra', '9876543210', '9638527410', 'prabhatdivekar@gmail.com', 3, 'M'),
('131080058', 'LALIT', 'DILIP', 'DESALE', 'C-36', 'B.Tech', 'Second Year', 'Electrical', '1996-01-31', 187, 171, 'III', 'OBC', '51-C, Kesari Building, Mango Market, Sindhudurg', 'Sindhudurg', 'Maharashtra', '9876543210', '9638527410', 'prabhatdivekar@gmail.com', 3, 'M'),
('131080059', 'AKHIL', 'SHASHIKANT', 'WASNIK', 'C-37', 'B.Tech', 'Second Year', 'Electronics', '1996-02-01', 187, 170, 'III', 'SC', '51-C, Kesari Building, Mango Market, Sindhudurg', 'Sindhudurg', 'Maharashtra', '9876543210', '9638527410', 'prabhatdivekar@gmail.com', 3, 'M'),
('131080060', 'PRANAV', 'SHASHIKANT', 'WASNIK', 'C-37', 'B.Tech', 'Second Year', 'Electronics and Telecommunications', '1996-02-02', 187, 169, 'III', 'SC', '51-C, Kesari Building, Mango Market, Sindhudurg', 'Sindhudurg', 'Maharashtra', '9876543210', '9638527410', 'prabhatdivekar@gmail.com', 3, 'M'),
('131080061', 'OMKAR', 'RAVINDRA', 'SHIRTODE', 'C-37', 'B.Tech', 'Second Year', 'Electronics', '1996-02-03', 187, 168, 'III', 'VJ', '51-C, Kesari Building, Mango Market, Sindhudurg', 'Sindhudurg', 'Maharashtra', '9876543210', '9638527410', 'prabhatdivekar@gmail.com', 3, 'M'),
('131080062', 'KETAN', 'DOMAJI', 'VIJAYKAR', 'C-38', 'B.Tech', 'Second Year', 'Information Technology', '1996-02-04', 187, 167, 'III', 'SC', '51-C, Kesari Building, Mango Market, Sindhudurg', 'Sindhudurg', 'Maharashtra', '9876543210', '9638527410', 'prabhatdivekar@gmail.com', 3, 'M'),
('131080063', 'AKSHAY', 'RAJENDRA', 'KHAIRKAR', 'C-38', 'B.Tech', 'Second Year', 'Information Technology', '1996-02-05', 187, 166, 'III', 'NT', '51-C, Kesari Building, Mango Market, Sindhudurg', 'Sindhudurg', 'Maharashtra', '9876543210', '9638527410', 'prabhatdivekar@gmail.com', 3, 'M'),
('131080064', 'SACHIN', 'HARPAL', 'RAUT', 'C-38', 'B.Tech', 'Second Year', 'Electrical', '1996-02-06', 187, 165, 'III', 'ST', '51-C, Kesari Building, Mango Market, Sindhudurg', 'Sindhudurg', 'Maharashtra', '9876543210', '9638527410', 'prabhatdivekar@gmail.com', 3, 'M'),
('131080065', 'PRANIT', 'LAWKUSH', 'KHADILKAR', 'C-39', 'B.Tech', 'Second Year', 'Electronics and Telecommunications', '1996-02-07', 187, 164, 'III', 'SBC', '51-C, Kesari Building, Mango Market, Sindhudurg', 'Sindhudurg', 'Maharashtra', '9876543210', '9638527410', 'prabhatdivekar@gmail.com', 3, 'M'),
('131080066', 'JITESH', 'ANIL', 'ZOPE', 'C-39', 'B.Tech', 'Second Year', 'Electronics and Telecommunications', '1996-02-08', 187, 163, 'III', 'OBC', '51-C, Kesari Building, Mango Market, Sindhudurg', 'Sindhudurg', 'Maharashtra', '9876543210', '9638527410', 'prabhatdivekar@gmail.com', 3, 'M'),
('131080067', 'SATISH', 'MAROTIRAO', 'PATIL', 'C-39', 'B.Tech', 'Second Year', 'Electronics and Telecommunications', '1996-02-09', 187, 162, 'III', 'SBC', '51-C, Kesari Building, Mango Market, Sindhudurg', 'Sindhudurg', 'Maharashtra', '9876543210', '9638527410', 'prabhatdivekar@gmail.com', 3, 'M'),
('131080068', 'OMKAR', 'PRAKASH', 'JOSHI', 'C-40', 'B.Tech', 'Second Year', 'Electrical', '1996-02-10', 187, 161, 'III', 'Open', '51-C, Kesari Building, Mango Market, Sindhudurg', 'Sindhudurg', 'Maharashtra', '9876543210', '9638527410', 'prabhatdivekar@gmail.com', 3, 'M'),
('131080069', 'SHEKHAR', 'NILESH', 'WAGH', 'C-40', 'B.Tech', 'Second Year', 'Production', '1996-02-11', 187, 160, 'III', 'Open', '20/22-4, Orange Market, Nagpur', 'Nagpur', 'Maharashtra', '9876543210', '9638527410', 'prabhatdivekar@gmail.com', 3, 'M'),
('131080070', 'NEERAJ', 'SHASHANK', 'KULKARNI', 'C-40', 'B.Tech', 'Second Year', 'Production', '1996-02-12', 187, 159, 'III', 'Open', '20/22-4, Orange Market, Nagpur', 'Nagpur', 'Maharashtra', '9876543210', '9638527410', 'prabhatdivekar@gmail.com', 3, 'M'),
('131080071', 'AJINKYA', 'SUBHASH', 'KHEDEKAR', 'C-41', 'Diploma', 'Second Year', 'Mechanical', '1996-02-13', NULL, NULL, 'III', 'NT', '20/22-4, Orange Market, Nagpur', 'Nagpur', 'Maharashtra', '9876543210', '9638527410', 'prabhatdivekar@gmail.com', 3, 'M'),
('131080072', 'SHUBHAM', 'ONKAR', 'PURI', 'C-42', 'B.Tech', 'Second Year', 'Civil', '1996-02-14', 187, 158, 'III', 'NT', '20/22-4, Orange Market, Nagpur', 'Nagpur', 'Maharashtra', '9876543210', '9638527410', 'prabhatdivekar@gmail.com', 3, 'M'),
('131080073', 'AJAY', 'NARAYAN', 'WAYAL', 'C-42', 'B.Tech', 'Second Year', 'Information Technology', '1996-02-15', 187, 157, 'III', 'OBC', '20/22-4, Orange Market, Nagpur', 'Nagpur', 'Maharashtra', '9876543210', '9638527410', 'prabhatdivekar@gmail.com', 3, 'M'),
('131080074', 'PRAVIN', 'TATERAO', 'WAGHE', 'C-42', 'B.Tech', 'Second Year', 'Mechanical', '1996-02-16', 187, 156, 'III', 'SBC', '20/22-4, Orange Market, Nagpur', 'Nagpur', 'Maharashtra', '9876543210', '9638527410', 'prabhatdivekar@gmail.com', 3, 'M'),
('131080075', 'ONKAR', 'PANDHARI', 'MAMILWAD', 'C-44', 'B.Tech', 'Second Year', 'Electronics and Telecommunications', '1996-02-20', 187, 152, 'III', 'ST', '20/22-4, Orange Market, Nagpur', 'Nagpur', 'Maharashtra', '9876543210', '9638527410', 'prabhatdivekar@gmail.com', 3, 'M'),
('131080076', 'MALHAR', 'MILIND', 'KACHARE', 'C-44', 'B.Tech', 'Second Year', 'Civil', '1996-02-21', 187, 151, 'III', 'NT', '20/22-4, Orange Market, Nagpur', 'Nagpur', 'Maharashtra', '9876543210', '9638527410', 'prabhatdivekar@gmail.com', 3, 'M'),
('131080077', 'PRABHAKAR', 'RAMNAYAN', 'GIRI', 'C-44', 'B.Tech', 'Second Year', 'Civil', '1996-02-22', 187, 150, 'III', 'SBC', '20/22-4, Orange Market, Nagpur', 'Nagpur', 'Maharashtra', '9876543210', '9638527410', 'prabhatdivekar@gmail.com', 3, 'M'),
('131080078', 'AMBADAS', 'DEORAM', 'WAGHMARE', 'C-45', 'B.Tech', 'Second Year', 'Civil', '1996-02-23', 187, 149, 'III', 'SBC', '20/22-4, Orange Market, Nagpur', 'Nagpur', 'Maharashtra', '9876543210', '9638527410', 'prabhatdivekar@gmail.com', 3, 'M'),
('131080079', 'SHRIYASH', 'SHANKAR', 'KHOT', 'C-45', 'B.Tech', 'Second Year', 'Production', '1996-02-24', 187, 148, 'III', 'NT', '20/22-4, Orange Market, Nagpur', 'Nagpur', 'Maharashtra', '9876543210', '9638527410', 'prabhatdivekar@gmail.com', 3, 'M'),
('131080080', 'SIRHAN', 'ZAKIR', 'SAYYAD', 'C-45', 'B.Tech', 'Second Year', 'Mechanical', '1996-02-25', 187, 147, 'III', 'OBC', '20/22-4, Orange Market, Nagpur', 'Nagpur', 'Maharashtra', '9876543210', '9638527410', 'prabhatdivekar@gmail.com', 3, 'M'),
('131080081', 'NIRAJ', 'VIJAY', 'PATIL', 'C-46', 'B.Tech', 'Second Year', 'Electrical', '1996-02-26', 187, 146, 'III', 'OBC', '20/22-4, Orange Market, Nagpur', 'Nagpur', 'Maharashtra', '9876543210', '9638527410', 'prabhatdivekar@gmail.com', 3, 'M'),
('131080082', 'SAURABH', 'DEEPAK', 'HAMBARDIKAR', 'C-46', 'B.Tech', 'Second Year', 'Production', '1996-02-27', 187, 145, 'III', 'OBC', '20/22-4, Orange Market, Nagpur', 'Nagpur', 'Maharashtra', '9876543210', '9638527410', 'prabhatdivekar@gmail.com', 3, 'M'),
('131080083', 'ROHIT', 'RAJENDRA', 'KALMEGH', 'C-46', 'B.Tech', 'Second Year', 'Textile', '1996-02-28', 187, 144, 'III', 'OBC', '20/22-4, Orange Market, Nagpur', 'Nagpur', 'Maharashtra', '9876543210', '9638527410', 'prabhatdivekar@gmail.com', 3, 'M'),
('131080084', 'SAURABH', 'RAJESH', 'SONI', 'C-47', 'B.Tech', 'Second Year', 'Production', '1996-02-29', 187, 143, 'III', 'Open', '20/22-4, Orange Market, Nagpur', 'Nagpur', 'Maharashtra', '9876543210', '9638527410', 'prabhatdivekar@gmail.com', 3, 'M'),
('131080085', 'SHUBHAM', 'PRAMOD', 'BOOB', 'C-47', 'B.Tech', 'Second Year', 'Computers', '1996-03-01', 187, 142, 'III', 'SC', '20/22-4, Orange Market, Nagpur', 'Nagpur', 'Maharashtra', '9876543210', '9638527410', 'prabhatdivekar@gmail.com', 3, 'M'),
('131080086', 'NINAD', 'RUPRAO', 'NERKAR', 'C-47', 'B.Tech', 'Second Year', 'Textile', '1996-03-02', 187, 141, 'III', 'OBC', '20/22-4, Orange Market, Nagpur', 'Nagpur', 'Maharashtra', '9876543210', '9638527410', 'prabhatdivekar@gmail.com', 3, 'M'),
('131080087', 'NIDHIT', 'ASHOK', 'PIMPALE', 'C-48', 'B.Tech', 'Second Year', 'Computers', '1996-03-03', 187, 140, 'III', 'NT', '20/22-4, Orange Market, Nagpur', 'Nagpur', 'Maharashtra', '9876543210', '9638527410', 'prabhatdivekar@gmail.com', 3, 'M'),
('131080088', 'CHAITANYA', 'SANJAY', 'MAHAJAN', 'C-48', 'B.Tech', 'Second Year', 'Computers', '1996-03-04', 187, 139, 'III', 'OBC', '20/22-4, Orange Market, Nagpur', 'Nagpur', 'Maharashtra', '9876543210', '9638527410', 'prabhatdivekar@gmail.com', 3, 'M'),
('131080089', 'DHANANJAY', 'GANGADHAR', 'NAGARGOJE', 'C-48', 'B.Tech', 'Second Year', 'Information Technology', '1996-03-05', 187, 138, 'III', 'NT', '20/22-4, Orange Market, Nagpur', 'Nagpur', 'Maharashtra', '9876543210', '9638527410', 'prabhatdivekar@gmail.com', 3, 'M'),
('131080090', 'KAUSTUBH', 'SUNIL', 'PATIL', 'C-49', 'B.Tech', 'Second Year', 'Mechanical', '1996-03-06', 187, 137, 'III', 'OBC', '20/22-4, Orange Market, Nagpur', 'Nagpur', 'Maharashtra', '9876543210', '9638527410', 'prabhatdivekar@gmail.com', 3, 'M'),
('131080091', 'SANKET', 'RAJGOPAL', 'CHANDAK', 'C-49', 'B.Tech', 'Second Year', 'Mechanical', '1996-03-07', 187, 136, 'III', 'Open', '20/22-4, Orange Market, Nagpur', 'Nagpur', 'Maharashtra', '9876543210', '9638527410', 'prabhatdivekar@gmail.com', 3, 'M'),
('131080092', 'SAURABH', 'RAJENDRA', 'MARDIKAR', 'C-49', 'B.Tech', 'Second Year', 'Computers', '1996-03-08', 187, 135, 'III', 'Open', '20/22-4, Orange Market, Nagpur', 'Nagpur', 'Maharashtra', '9876543210', '9638527410', 'prabhatdivekar@gmail.com', 3, 'M'),
('131080093', 'SATYAM', 'ASHOKRAO', 'AVHAD', 'C-50', 'B.Tech', 'Second Year', 'Mechanical', '1996-03-09', 187, 134, 'III', 'NT', '20/22-4, Orange Market, Nagpur', 'Nagpur', 'Maharashtra', '9876543210', '9638527410', 'prabhatdivekar@gmail.com', 3, 'M'),
('131080094', 'KETAN', 'SUNIL', 'MHETRE', 'C-50', 'B.Tech', 'Second Year', 'Mechanical', '1996-03-10', 187, 133, 'III', 'SBC', '20/22-4, Orange Market, Nagpur', 'Nagpur', 'Maharashtra', '9876543210', '9638527410', 'prabhatdivekar@gmail.com', 3, 'M'),
('131080095', 'MAYUR', 'DINKARRAO', 'DESHMUKH', 'C-50', 'B.Tech', 'Second Year', 'Electrical', '1996-03-11', 187, 132, 'III', 'Open', '20/22-4, Orange Market, Nagpur', 'Nagpur', 'Maharashtra', '9876543210', '9638527410', 'prabhatdivekar@gmail.com', 3, 'M'),
('131080096', 'SIDDHESH', 'RAJENDRA', 'PARKAR', 'C-51', 'B.Tech', 'Second Year', 'Mechanical', '1996-03-12', 187, 131, 'III', 'Open', '20/22-4, Orange Market, Nagpur', 'Nagpur', 'Maharashtra', '9876543210', '9638527410', 'prabhatdivekar@gmail.com', 3, 'M'),
('131080097', 'SATYAM', 'BALAJI', 'MALI', 'C-51', 'B.Tech', 'Second Year', 'Electronics', '1996-03-13', 187, 130, 'III', 'OBC', '20/22-4, Orange Market, Nagpur', 'Nagpur', 'Maharashtra', '9876543210', '9638527410', 'prabhatdivekar@gmail.com', 3, 'M'),
('131080098', 'SANKET', 'SUBHASH', 'GIRI', 'C-51', 'B.Tech', 'Second Year', 'Electrical', '1996-03-14', 187, 129, 'III', 'NT', '20/22-4, Orange Market, Nagpur', 'Nagpur', 'Maharashtra', '9876543210', '9638527410', 'prabhatdivekar@gmail.com', 3, 'M'),
('131080099', 'TANMAY', 'MAHENDRA', 'CHAVHAN', 'C-53', 'B.Tech', 'Second Year', 'Electrical', '1996-03-17', 187, 126, 'III', 'SC', '20/22-4, Orange Market, Nagpur', 'Nagpur', 'Maharashtra', '9876543210', '9638527410', 'prabhatdivekar@gmail.com', 3, 'M'),
('131080100', 'CHETANSING', '', 'AHIRE', 'C-53', 'B.Tech', 'Second Year', 'Production', '1996-03-18', 187, 125, 'III', 'SBC', '20/22-4, Orange Market, Nagpur', 'Nagpur', 'Maharashtra', '9876543210', '9638527410', 'prabhatdivekar@gmail.com', 3, 'M'),
('131080101', 'KARAN', 'RAJESHWAR', 'BHARNE', 'C-53', 'B.Tech', 'Second Year', 'Textile', '1996-03-19', 187, 124, 'III', 'SC', '20/22-4, Orange Market, Nagpur', 'Nagpur', 'Maharashtra', '9876543210', '9638527410', 'prabhatdivekar@gmail.com', 3, 'M'),
('131080102', 'SURAJ', 'RAMKISAN', 'SAGAR', 'C-54', 'B.Tech', 'Second Year', 'Mechanical', '1996-03-20', 187, 201, 'III', 'NT', '20/22-4, Orange Market, Nagpur', 'Nagpur', 'Maharashtra', '9876543210', '9638527410', 'prabhatdivekar@gmail.com', 3, 'M'),
('131080103', 'TUSHAR', 'SANJAY', 'KULKARNI', 'C-54', 'B.Tech', 'Second Year', 'Electrical', '1996-03-21', 187, 202, 'III', 'Open', '20/22-4, Orange Market, Nagpur', 'Nagpur', 'Maharashtra', '9876543210', '9638527410', 'prabhatdivekar@gmail.com', 3, 'M'),
('131080104', 'SHUBHAM', 'SUBHASHRAO', 'ANMULWAR', 'C-54', 'B.Tech', 'Second Year', 'Mechanical', '1996-03-22', 187, 203, 'III', 'ST', '20/22-4, Orange Market, Nagpur', 'Nagpur', 'Maharashtra', '9876543210', '9638527410', 'prabhatdivekar@gmail.com', 3, 'M'),
('131080105', 'SOHAM', 'ATUL', 'GANDHI', 'C-55', 'B.Tech', 'Second Year', 'Computers', '1996-03-23', 187, 204, 'III', 'Open', '20/22-4, Orange Market, Nagpur', 'Nagpur', 'Maharashtra', '9876543210', '9638527410', 'prabhatdivekar@gmail.com', 3, 'M'),
('131080106', 'PAVAN', 'BALIRAM', 'BIRAJDAR', 'C-55', 'B.Tech', 'Second Year', 'Computers', '1996-03-24', 187, 205, 'III', 'Open', '20/22-4, Orange Market, Nagpur', 'Nagpur', 'Maharashtra', '9876543210', '9638527410', 'prabhatdivekar@gmail.com', 3, 'M'),
('131080107', 'PRATHAMESH', 'SUNIL', 'DAHALE', 'C-55', 'B.Tech', 'Second Year', 'Computers', '1996-03-25', 187, 206, 'III', 'OBC', '20/22-4, Orange Market, Nagpur', 'Nagpur', 'Maharashtra', '9876543210', '9638527410', 'prabhatdivekar@gmail.com', 3, 'M'),
('131080108', 'ROHIT', 'PADMAKAR', 'PATIL', 'C-56', 'B.Tech', 'Second Year', 'Computers', '1996-03-26', 187, 207, 'III', 'NT', '20/22-4, Orange Market, Nagpur', 'Nagpur', 'Maharashtra', '9876543210', '9638527410', 'prabhatdivekar@gmail.com', 3, 'M');
INSERT INTO `studentsdet` (`RegistrationID`, `FirstName`, `MiddleName`, `LastName`, `HostelRoomNo`, `Course`, `Programme`, `Branch`, `DOB`, `CETMarks`, `MeritNo`, `Semester`, `Category`, `Address`, `District`, `State`, `PhoneNo`, `ParentsPhoneNo`, `EmailID`, `Status`, `Gender`) VALUES
('131080109', 'VYANKATESH', 'SATISH', 'KHADAKKAR', 'C-56', 'B.Tech', 'Second Year', 'Information Technology', '1996-03-27', 187, 208, 'III', 'SBC', '20/22-4, Orange Market, Nagpur', 'Nagpur', 'Maharashtra', '9876543210', '9638527410', 'prabhatdivekar@gmail.com', 3, 'M'),
('131080110', 'AKASH', 'JANARDHAN', 'JANJAL', 'C-56', 'B.Tech', 'Second Year', 'Computers', '1996-03-28', 187, 209, 'III', 'Open', '20/22-4, Orange Market, Nagpur', 'Nagpur', 'Maharashtra', '9876543210', '9638527410', 'prabhatdivekar@gmail.com', 3, 'M'),
('131080111', 'ALFAJ', 'SHAMSHUDDIN', 'MUSHRIF', 'C-64', 'Diploma', 'Second Year', 'Mechanical', '1996-04-19', NULL, NULL, 'III', 'OBC', '20/22-4, Orange Market, Nagpur', 'Nagpur', 'Maharashtra', '9876543210', '9638527410', 'prabhatdivekar@gmail.com', 3, 'M'),
('131080112', 'PRASAD', 'CHANDRAKANT', 'GHADASHI', 'C-64', 'Diploma', 'Second Year', 'Mechanical', '1996-04-20', NULL, NULL, 'III', 'OBC', '20/22-4, Orange Market, Nagpur', 'Nagpur', 'Maharashtra', '9876543210', '9638527410', 'prabhatdivekar@gmail.com', 3, 'M'),
('131080113', 'HRISHIKESH', 'PANDURANG', 'DEOKATE', 'C-64', 'Diploma', 'Second Year', 'Civil', '1996-04-21', NULL, NULL, 'III', 'NT', '20/22-4, Orange Market, Nagpur', 'Nagpur', 'Maharashtra', '9876543210', '9638527410', 'prabhatdivekar@gmail.com', 3, 'M'),
('131080114', 'MAHESH', 'JAYANTRAO', 'DESHMUKH', 'D-5', 'B.Tech', 'Second Year', 'Electrical', '1996-04-22', 187, 300, 'III', 'Open', '20/22-4, Orange Market, Nagpur', 'Nagpur', 'Maharashtra', '9876543210', '9638527410', 'prabhatdivekar@gmail.com', 3, 'M'),
('131080115', 'NABAM', 'HINA', 'TUKAP', 'D-10', 'Diploma', 'Second Year', 'Civil', '1996-05-18', NULL, NULL, 'III', 'ST', '14, Dehradun Heights, Vikas Society, Nashik', 'Nashik', 'Maharashtra', '9876543210', '9638527410', 'prabhatdivekar@gmail.com', 3, 'M'),
('131080116', 'MAHESH', 'NAMDEO', 'WALDE', 'D-11', 'B.Tech', 'Second Year', 'Information Technology', '1996-05-20', 187, 274, 'III', 'NT', '14, Dehradun Heights, Vikas Society, Nashik', 'Nashik', 'Maharashtra', '9876543210', '9638527410', 'prabhatdivekar@gmail.com', 3, 'M'),
('131080117', 'ARJUN', 'VILAS', 'SHINDE', 'D-20', 'Diploma', 'Second Year', 'Mechanical', '1996-07-28', NULL, NULL, 'III', 'SC', 'Sukh Sagar Bunglow, Shivai Nagar, Akola', 'Akola', 'Maharashtra', '9876543210', '9638527410', 'prabhatdivekar@gmail.com', 3, 'M'),
('131080118', 'SANKET', 'KHANDU', 'DHALAPE', 'D-20', 'Diploma', 'Second Year', 'Mechanical', '1996-07-29', 187, 13, 'III', 'OBC', 'Sukh Sagar Bunglow, Shivai Nagar, Akola', 'Akola', 'Maharashtra', '9876543210', '9638527410', 'prabhatdivekar@gmail.com', 3, 'M'),
('131080119', 'RISHAB', 'PRALHAD', 'DHOKE', 'D-22', 'B.Tech', 'Second Year', 'Computers', '1996-09-02', 187, 44, 'III', 'SC', 'Sukh Sagar Bunglow, Shivai Nagar, Akola', 'Akola', 'Maharashtra', '9876543210', '9638527410', 'prabhatdivekar@gmail.com', 3, 'M'),
('131080120', 'AKSHAY', 'RAMESH', 'PARTANI', 'D-22', 'B.Tech', 'Second Year', 'Electrical', '1996-09-03', 187, 45, 'III', 'Open', 'Sukh Sagar Bunglow, Shivai Nagar, Akola', 'Akola', 'Maharashtra', '9876543210', '9638527410', 'prabhatdivekar@gmail.com', 3, 'M'),
('131080121', 'SHUBHAM', 'SHANTARAM', 'PATIL', 'D-31', 'Diploma', 'Second Year', 'Textile', '1996-10-09', NULL, NULL, 'III', 'OBC', 'Sukh Sagar Bunglow, Shivai Nagar, Akola', 'Akola', 'Maharashtra', '9876543210', '9638527410', 'prabhatdivekar@gmail.com', 3, 'M'),
('131080122', 'DEVESH', 'NARENDRA', 'THAKUR', 'D-31', 'Diploma', 'Second Year', 'Textile', '1996-10-10', NULL, NULL, 'III', 'OBC', 'Sukh Sagar Bunglow, Shivai Nagar, Akola', 'Akola', 'Maharashtra', '9876543210', '9638527410', 'prabhatdivekar@gmail.com', 3, 'M'),
('131080123', 'SHUBHAM', 'PADMAKAR', 'PATIL', 'D-31', 'Diploma', 'Second Year', 'Textile', '1996-10-20', NULL, NULL, 'III', 'OBC', '22-A/24,Vasant Vihar,Thane West', 'Thane', 'Maharashtra', '9876543210', '9638527410', 'prabhatdivekar@gmail.com', 3, 'M'),
('131080124', 'AKSHAY', 'SANJAY', 'CHAUDHARY', 'D-31', 'B.Tech', 'Second Year', 'Production', '1996-10-21', 187, 90, 'III', 'OBC', '22-A/24,Vasant Vihar,Thane West', 'Thane', 'Maharashtra', '9876543210', '9638527410', 'prabhatdivekar@gmail.com', 3, 'M'),
('131080125', 'MAHESH', 'VILAS', 'DHAKRAO', 'D-31', 'Diploma', 'Second Year', 'Textile', '1996-10-26', NULL, NULL, 'III', 'SC', '22-A/24,Vasant Vihar,Thane West', 'Thane', 'Maharashtra', '9876543210', '9638527410', 'prabhatdivekar@gmail.com', 3, 'M'),
('131080126', 'DHIRAJ', 'RAVINDRA', 'GHYARE', 'D-31', 'Diploma', 'Second Year', 'Electronics', '1996-10-27', NULL, NULL, 'III', 'SC', '22-A/24,Vasant Vihar,Thane West', 'Thane', 'Maharashtra', '9876543210', '9638527410', 'prabhatdivekar@gmail.com', 3, 'M'),
('131080127', 'RUSHIKESH', 'SANJAY', 'MEHTRE', 'D-32', 'B.Tech', 'Second Year', 'Electronics and Telecommunications', '1996-11-06', 187, 102, 'III', 'OBC', '22-A/24,Vasant Vihar,Thane West', 'Thane', 'Maharashtra', '9876543210', '9638527410', 'prabhatdivekar@gmail.com', 3, 'M'),
('131080128', 'VALMIK', 'RADHU', 'GAME', 'D-32', 'B.Tech', 'Second Year', 'Civil', '1996-11-07', 187, 103, 'III', 'OBC', '22-A/24,Vasant Vihar,Thane West', 'Thane', 'Maharashtra', '9876543210', '9638527410', 'prabhatdivekar@gmail.com', 3, 'M'),
('131080129', 'VISHVAJEET', 'PRAMODRAO', 'YEVALE', 'D-32', 'B.Tech', 'Second Year', 'Civil', '1996-11-08', 187, 104, 'III', 'OBC', '22-A/24,Vasant Vihar,Thane West', 'Thane', 'Maharashtra', '9876543210', '9638527410', 'prabhatdivekar@gmail.com', 3, 'M'),
('131080130', 'NIKIT', 'PRAMOD', 'GADLINGE', 'D-32', 'B.Tech', 'Second Year', 'Textile', '1996-11-09', 187, 105, 'III', 'SC', '22-A/24,Vasant Vihar,Thane West', 'Thane', 'Maharashtra', '9876543210', '9638527410', 'prabhatdivekar@gmail.com', 3, 'M'),
('141080001', 'PRATHMESH', 'DEEPAK', 'THAKARE', '', 'Diploma', 'First Year', 'Mechanical', '1995-07-27', NULL, NULL, 'I', 'OBC', '92-D, Ambedkar Chowk, Mumbai', 'Mumbai', 'Maharashtra', '9876543210', '9638527410', 'prabhatdivekar@gmail.com', 2, 'M'),
('141080002', 'HARSHVARDHAN', 'RAVINDRA', 'SHINDE', '', 'Diploma', 'First Year', 'Mechanical', '1995-07-28', NULL, NULL, 'I', 'OBC', '92-D, Ambedkar Chowk, Mumbai', 'Mumbai', 'Maharashtra', '9876543210', '9638527410', 'prabhatdivekar@gmail.com', 1, 'M'),
('141080003', 'SAMEER', 'GURUNATH', 'BHOIR', '', 'Diploma', 'First Year', 'Mechanical', '1995-07-29', NULL, NULL, 'I', 'OBC', '92-D, Ambedkar Chowk, Mumbai', 'Mumbai', 'Maharashtra', '9876543210', '9638527410', 'prabhatdivekar@gmail.com', 1, 'M'),
('141080004', 'NIKHIL', 'DILIP', 'TEMBURDE', '', 'B.Tech', 'First Year', 'Computers', '1995-07-30', 187, 54, 'I', 'OBC', '92-D, Ambedkar Chowk, Mumbai', 'Mumbai', 'Maharashtra', '9876543210', '9638527410', 'prabhatdivekar@gmail.com', 1, 'M'),
('141080005', 'PRANAY', 'RAJA', 'SAYAM', '', 'B.Tech', 'First Year', 'Computers', '1995-07-31', 187, 53, 'I', 'ST', '92-D, Ambedkar Chowk, Mumbai', 'Mumbai', 'Maharashtra', '9876543210', '9638527410', 'prabhatdivekar@gmail.com', 0, 'M'),
('141080006', 'PRAFULLA', 'BABURAO', 'SANGLE', '', 'B.Tech', 'First Year', 'Computers', '1995-08-01', 187, 52, 'I', 'NT', '92-D, Ambedkar Chowk, Mumbai', 'Mumbai', 'Maharashtra', '9876543210', '9638527410', 'prabhatdivekar@gmail.com', 0, 'M'),
('141080007', 'SUDHANSHU', 'RAJANNA', 'BHANDARWAR', '', 'B.Tech', 'First Year', 'Computers', '1995-08-02', 187, 51, 'I', 'NT', '92-D, Ambedkar Chowk, Mumbai', 'Mumbai', 'Maharashtra', '9876543210', '9638527410', 'prabhatdivekar@gmail.com', 0, 'M'),
('141080008', 'PRAMOD', 'AMARARAM', 'CHOUDHARY', '', 'B.Tech', 'First Year', 'Information Technology', '1995-08-03', 187, 50, 'I', 'Open', '92-D, Ambedkar Chowk, Mumbai', 'Mumbai', 'Maharashtra', '9876543210', '9638527410', 'prabhatdivekar@gmail.com', 0, 'M'),
('141080009', 'ABHISHEK', 'DILIP', 'DUDHAL', '', 'B.Tech', 'First Year', 'Information Technology', '1995-08-04', 187, 49, 'I', 'OBC', '92-D, Ambedkar Chowk, Mumbai', 'Mumbai', 'Maharashtra', '9876543210', '9638527410', 'prabhatdivekar@gmail.com', 0, 'M'),
('141080010', 'SWAROOP', 'VIJAYRAO', 'HOPLE', '', 'B.Tech', 'First Year', 'Information Technology', '1995-08-05', 187, 48, 'I', 'OBC', '92-D, Ambedkar Chowk, Mumbai', 'Mumbai', 'Maharashtra', '9876543210', '9638527410', 'prabhatdivekar@gmail.com', 0, 'M'),
('141080011', 'VASISHT', 'TARUN', 'SHENDE', '', 'B.Tech', 'First Year', 'Information Technology', '1995-08-06', 187, 47, 'I', 'OBC', '92-D, Ambedkar Chowk, Mumbai', 'Mumbai', 'Maharashtra', '9876543210', '9638527410', 'prabhatdivekar@gmail.com', 0, 'M'),
('141080012', 'CHETAN', 'YOGESHWAR', 'KALODE', '', 'B.Tech', 'First Year', 'Information Technology', '1995-08-07', 187, 46, 'I', 'OBC', '92-D, Ambedkar Chowk, Mumbai', 'Mumbai', 'Maharashtra', '9876543210', '9638527410', 'prabhatdivekar@gmail.com', 0, 'M'),
('141080013', 'KAUSTUBH', 'PRAMOD', 'PHULKAR', '', 'B.Tech', 'First Year', 'Information Technology', '1995-08-08', 187, 45, 'I', 'ST', '92-D, Ambedkar Chowk, Mumbai', 'Mumbai', 'Maharashtra', '9876543210', '9638527410', 'prabhatdivekar@gmail.com', 0, 'M'),
('141080014', 'DNYANESHWAR', 'NATHRAO', 'MUNDHE', '', 'B.Tech', 'First Year', 'Information Technology', '1995-08-09', 187, 44, 'I', 'NT', '92-D, Ambedkar Chowk, Mumbai', 'Mumbai', 'Maharashtra', '9876543210', '9638527410', 'prabhatdivekar@gmail.com', 0, 'M'),
('141080015', 'SAURABH', 'BHAUSAHEB', 'DARGUDE', '', 'B.Tech', 'First Year', 'Information Technology', '1995-08-10', 187, 43, 'I', 'NT', '92-D, Ambedkar Chowk, Mumbai', 'Mumbai', 'Maharashtra', '9876543210', '9638527410', 'prabhatdivekar@gmail.com', 0, 'M'),
('141080016', 'DEEPAK', 'GANPATRAO', 'KATWA', '', 'B.Tech', 'First Year', 'Electrical', '1995-08-11', 187, 42, 'I', 'Open', '92-D, Ambedkar Chowk, Mumbai', 'Mumbai', 'Maharashtra', '9876543210', '9638527410', 'prabhatdivekar@gmail.com', 0, 'M'),
('141080017', 'KRISHNA', 'LAXMIKANT', 'PHUTANE', '', 'B.Tech', 'First Year', 'Electrical', '1995-08-12', 187, 41, 'I', 'Open', '92-D, Ambedkar Chowk, Mumbai', 'Mumbai', 'Maharashtra', '9876543210', '9638527410', 'prabhatdivekar@gmail.com', 0, 'M'),
('141080018', 'SUMIT', 'SUKHADEO', 'THAKARE', '', 'B.Tech', 'First Year', 'Electrical', '1995-08-13', 187, 40, 'I', 'OBC', '92-D, Ambedkar Chowk, Mumbai', 'Mumbai', 'Maharashtra', '9876543210', '9638527410', 'prabhatdivekar@gmail.com', 0, 'M'),
('141080019', 'KUNAL', 'LAXMAN', 'SINKAR', '', 'B.Tech', 'First Year', 'Electrical', '1995-08-14', 187, 39, 'I', 'OBC', '92-D, Ambedkar Chowk, Mumbai', 'Mumbai', 'Maharashtra', '9876543210', '9638527410', 'prabhatdivekar@gmail.com', 0, 'M'),
('141080020', 'ALOK', '', 'SINGH', '', 'B.Tech', 'First Year', 'Electrical', '1995-08-15', 187, 38, 'I', 'Open', '92-D, Ambedkar Chowk, Mumbai', 'Mumbai', 'Maharashtra', '9876543210', '9638527410', 'prabhatdivekar@gmail.com', 0, 'M'),
('141080021', 'SUCHET', 'CHETAN', 'BOROLE', '', 'B.Tech', 'First Year', 'Electrical', '1995-08-16', 187, 37, 'I', 'OBC', '92-D, Ambedkar Chowk, Mumbai', 'Mumbai', 'Maharashtra', '9876543210', '9638527410', 'prabhatdivekar@gmail.com', 0, 'M'),
('141080022', 'MOHANISH', 'BARKU', 'GAIKWAD', '', 'B.Tech', 'First Year', 'Electrical', '1995-08-17', 187, 36, 'I', 'SC', '92-D, Ambedkar Chowk, Mumbai', 'Mumbai', 'Maharashtra', '9876543210', '9638527410', 'prabhatdivekar@gmail.com', 0, 'M'),
('141080023', 'KRISHNA', 'DATTA', 'CHUKEWAD', '', 'B.Tech', 'First Year', 'Electrical', '1995-08-18', 187, 35, 'I', 'ST', '92-D, Ambedkar Chowk, Mumbai', 'Mumbai', 'Maharashtra', '9876543210', '9638527410', 'prabhatdivekar@gmail.com', 0, 'M'),
('141080024', 'AJAY', 'PANDIT', 'RATHOD', '', 'B.Tech', 'First Year', 'Electrical', '1995-08-19', 187, 34, 'I', 'VJ', '92-D, Ambedkar Chowk, Mumbai', 'Mumbai', 'Maharashtra', '9876543210', '9638527410', 'prabhatdivekar@gmail.com', 0, 'M'),
('141080025', 'PRAMOD', 'NANA', 'THITE', '', 'B.Tech', 'First Year', 'Electrical', '1995-08-20', 187, 33, 'I', 'NT', '92-D, Ambedkar Chowk, Mumbai', 'Mumbai', 'Maharashtra', '9876543210', '9638527410', 'prabhatdivekar@gmail.com', 0, 'M'),
('141080026', 'SAGAR', 'NILAY', 'MAHAJAN', '', 'B.Tech', 'First Year', 'Electronics', '1995-08-21', 187, 32, 'I', 'Open', '92-D, Ambedkar Chowk, Mumbai', 'Mumbai', 'Maharashtra', '9876543210', '9638527410', 'prabhatdivekar@gmail.com', 0, 'M'),
('141080027', 'PUSHKAR', 'PUNJAJI', 'PATIL', '', 'B.Tech', 'First Year', 'Electronics', '1995-08-22', 187, 31, 'I', 'OBC', '92-D, Ambedkar Chowk, Mumbai', 'Mumbai', 'Maharashtra', '9876543210', '9638527410', 'prabhatdivekar@gmail.com', 0, 'M'),
('141080028', 'GAURAV', 'PRADEEP', 'JUMADE', '', 'B.Tech', 'First Year', 'Electronics', '1995-08-23', 187, 30, 'I', 'OBC', '92-D, Ambedkar Chowk, Mumbai', 'Mumbai', 'Maharashtra', '9876543210', '9638527410', 'prabhatdivekar@gmail.com', 0, 'M'),
('141080029', 'SAGAR', 'TULSHIRAM', 'DHURDE', '', 'B.Tech', 'First Year', 'Electronics', '1995-08-24', 187, 29, 'I', 'OBC', '92-D, Ambedkar Chowk, Mumbai', 'Mumbai', 'Maharashtra', '9876543210', '9638527410', 'prabhatdivekar@gmail.com', 0, 'M'),
('141080030', 'JAYDEEP', 'RAVINDRA', 'RADE', '', 'B.Tech', 'First Year', 'Electronics', '1995-08-25', 187, 28, 'I', 'OBC', '92-D, Ambedkar Chowk, Mumbai', 'Mumbai', 'Maharashtra', '9876543210', '9638527410', 'prabhatdivekar@gmail.com', 0, 'M'),
('141080031', 'SAUMITRA', 'SHRIRAM', 'PADEER', '', 'B.Tech', 'First Year', 'Electronics', '1995-08-26', 187, 27, 'I', 'OBC', '92-D, Ambedkar Chowk, Mumbai', 'Mumbai', 'Maharashtra', '9876543210', '9638527410', 'prabhatdivekar@gmail.com', 0, 'M'),
('141080032', 'AKASH', 'LAXMANRAO', 'LONARKAR', '', 'B.Tech', 'First Year', 'Electronics', '1995-08-27', 187, 26, 'I', 'SC', '92-D, Ambedkar Chowk, Mumbai', 'Mumbai', 'Maharashtra', '9876543210', '9638527410', 'prabhatdivekar@gmail.com', 0, 'M'),
('141080033', 'MAHESH', 'ASHOK', 'PENTEWAD', '', 'B.Tech', 'First Year', 'Electronics', '1995-08-28', 187, 25, 'I', 'ST', '92-D, Ambedkar Chowk, Mumbai', 'Mumbai', 'Maharashtra', '9876543210', '9638527410', 'prabhatdivekar@gmail.com', 0, 'M'),
('141080034', 'AKSHAY', 'MANOJ', 'ROTE', '', 'B.Tech', 'First Year', 'Electronics', '1995-08-29', 187, 24, 'I', 'SBC', '92-D, Ambedkar Chowk, Mumbai', 'Mumbai', 'Maharashtra', '9876543210', '9638527410', 'prabhatdivekar@gmail.com', 0, 'M'),
('141080035', 'PRAVIN', 'APPASAHEB', 'MANE', '', 'B.Tech', 'First Year', 'Electronics', '1995-08-30', 187, 23, 'I', 'NT', '92-D, Ambedkar Chowk, Mumbai', 'Mumbai', 'Maharashtra', '9876543210', '9638527410', 'prabhatdivekar@gmail.com', 0, 'M'),
('141080036', 'ANIKET', 'MADHUKARRAO', 'POLAWAR', '', 'B.Tech', 'First Year', 'Electronics and Telecommunications', '1995-08-31', 187, 22, 'I', 'Open', '92-D, Ambedkar Chowk, Mumbai', 'Mumbai', 'Maharashtra', '9876543210', '9638527410', 'prabhatdivekar@gmail.com', 0, 'M'),
('141080037', 'YOGESH', 'DILIP', 'BACCHEWAR', '', 'B.Tech', 'First Year', 'Electronics and Telecommunications', '1995-09-01', 187, 21, 'I', 'Open', '92-D, Ambedkar Chowk, Mumbai', 'Mumbai', 'Maharashtra', '9876543210', '9638527410', 'prabhatdivekar@gmail.com', 0, 'M'),
('141080038', 'ABHISHRUT', 'OMPRAKASH', 'VAIDYA', '', 'B.Tech', 'First Year', 'Electronics and Telecommunications', '1995-09-02', 187, 20, 'I', 'OBC', '92-D, Ambedkar Chowk, Mumbai', 'Mumbai', 'Maharashtra', '9876543210', '9638527410', 'prabhatdivekar@gmail.com', 0, 'M'),
('141080039', 'HARSHAL', 'DAYARAM', 'BAGUL', '', 'B.Tech', 'First Year', 'Electronics and Telecommunications', '1995-09-03', 187, 19, 'I', 'OBC', '92-D, Ambedkar Chowk, Mumbai', 'Mumbai', 'Maharashtra', '9876543210', '9638527410', 'prabhatdivekar@gmail.com', 0, 'M'),
('141080040', 'MANGESH', 'VIJAY', 'BOBADE', '', 'B.Tech', 'First Year', 'Textile', '1995-09-04', 187, 18, 'I', 'OBC', '92-D, Ambedkar Chowk, Mumbai', 'Mumbai', 'Maharashtra', '9876543210', '9638527410', 'prabhatdivekar@gmail.com', 0, 'M'),
('141080041', 'SUBAM', '', 'MIGRI', '', 'B.Tech', 'First Year', 'Mechanical', '1995-09-05', 187, 17, 'I', 'ST', '92-D, Ambedkar Chowk, Mumbai', 'Mumbai', 'Maharashtra', '9876543210', '9638527410', 'prabhatdivekar@gmail.com', 0, 'M'),
('141080042', 'PEMA', 'WANGDI', 'THONGDOK', '', 'B.Tech', 'First Year', 'Electronics', '1995-09-06', 187, 16, 'I', 'ST', '92-D, Ambedkar Chowk, Mumbai', 'Mumbai', 'Maharashtra', '9876543210', '9638527410', 'prabhatdivekar@gmail.com', 0, 'M'),
('141080043', 'SHIVAM', 'MAHADEORAO', 'WANKHEDE', '', 'B.Tech', 'First Year', 'Textile', '1995-09-07', 187, 15, 'I', 'OBC', '92-D, Ambedkar Chowk, Mumbai', 'Mumbai', 'Maharashtra', '9876543210', '9638527410', 'prabhatdivekar@gmail.com', 0, 'M'),
('141080044', 'PRANAY', 'ABHAY', 'JAIN', '', 'B.Tech', 'First Year', 'Textile', '1995-09-08', 187, 14, 'I', 'Open', '92-D, Ambedkar Chowk, Mumbai', 'Mumbai', 'Maharashtra', '9876543210', '9638527410', 'prabhatdivekar@gmail.com', 0, 'M'),
('141080045', 'UTPAL', '', 'KALITA', '', 'B.Tech', 'First Year', 'Textile', '1995-09-09', 187, 13, 'I', 'Open', '92-D, Ambedkar Chowk, Mumbai', 'Mumbai', 'Maharashtra', '9876543210', '9638527410', 'prabhatdivekar@gmail.com', 0, 'M'),
('141080046', 'ANIKET', 'SUNIL', 'GURAV', '', 'Diploma', 'First Year', 'Electrical', '1995-09-10', NULL, NULL, 'I', 'OBC', '92-D, Ambedkar Chowk, Mumbai', 'Mumbai', 'Maharashtra', '9876543210', '9638527410', 'prabhatdivekar@gmail.com', 0, 'M'),
('141080047', 'SAKSHAM', 'SANJAYKUMAR', 'RAI', '', 'Diploma', 'First Year', 'Textile', '1995-09-11', NULL, NULL, 'I', 'Open', '42-Panchvati, Paresh Complex, Pune', 'Pune', 'Maharashtra', '9876543210', '9638527410', 'prabhatdivekar@gmail.com', 0, 'M'),
('141080048', 'GIRISH', 'RAJENDRA', 'MAHAJAN', '', 'Diploma', 'First Year', 'Electrical', '1995-09-12', NULL, NULL, 'I', 'OBC', '42-Panchvati, Paresh Complex, Pune', 'Pune', 'Maharashtra', '9876543210', '9638527410', 'prabhatdivekar@gmail.com', 0, 'M'),
('141080049', 'SIDDHARTH', '', 'CHAUHAN', '', 'Diploma', 'First Year', 'Textile', '1995-09-13', NULL, NULL, 'I', 'Open', '42-Panchvati, Paresh Complex, Pune', 'Pune', 'Maharashtra', '9876543210', '9638527410', 'prabhatdivekar@gmail.com', 0, 'M'),
('141080050', 'ABHIJEET', '', 'SINGH', '', 'Diploma', 'First Year', 'Electrical', '1995-09-14', NULL, NULL, 'I', 'Open', '42-Panchvati, Paresh Complex, Pune', 'Pune', 'Maharashtra', '9876543210', '9638527410', 'prabhatdivekar@gmail.com', 0, 'M'),
('141080051', 'ANMOL', '', 'SINGH', '', 'Diploma', 'First Year', 'Textile', '1995-09-15', NULL, NULL, 'I', 'Open', '42-Panchvati, Paresh Complex, Pune', 'Pune', 'Maharashtra', '9876543210', '9638527410', 'prabhatdivekar@gmail.com', 0, 'M'),
('141080052', 'SHAUNAK', 'SACHIN', 'BUTALA', '', 'Diploma', 'First Year', 'Mechanical', '1995-09-16', NULL, NULL, 'I', 'Open', '42-Panchvati, Paresh Complex, Pune', 'Pune', 'Maharashtra', '9876543210', '9638527410', 'prabhatdivekar@gmail.com', 0, 'M'),
('141080053', 'JAVED', 'ALI', 'ANSARI', '', 'Diploma', 'First Year', 'Mechanical', '1995-09-17', NULL, NULL, 'I', 'OBC', '42-Panchvati, Paresh Complex, Pune', 'Pune', 'Maharashtra', '9876543210', '9638527410', 'prabhatdivekar@gmail.com', 0, 'M'),
('141080054', 'ANIKET', 'RAJENDRA', 'TAGADE', '', 'Diploma', 'First Year', 'Textile', '1995-09-18', NULL, NULL, 'I', 'SC', '42-Panchvati, Paresh Complex, Pune', 'Pune', 'Maharashtra', '9876543210', '9638527410', 'prabhatdivekar@gmail.com', 0, 'M'),
('141080055', 'VISHAL', 'ARJUN', 'SHEKOKAR', '', 'B.Tech', 'First Year', 'Electronics and Telecommunications', '1995-09-19', 187, 1, 'I', 'SC', '42-Panchvati, Paresh Complex, Pune', 'Pune', 'Maharashtra', '9876543210', '9638527410', 'prabhatdivekar@gmail.com', 0, 'M'),
('141080056', 'PRASHANT', 'BALAJI', 'POSHETTI', '', 'B.Tech', 'First Year', 'Electronics and Telecommunications', '1995-09-20', 187, 2, 'I', 'ST', '42-Panchvati, Paresh Complex, Pune', 'Pune', 'Maharashtra', '9876543210', '9638527410', 'prabhatdivekar@gmail.com', 0, 'M'),
('141080057', 'TUSHAR', 'BHASKAR', 'GHULE', '', 'B.Tech', 'First Year', 'Electronics and Telecommunications', '1995-09-21', 187, 3, 'I', 'NT', '42-Panchvati, Paresh Complex, Pune', 'Pune', 'Maharashtra', '9876543210', '9638527410', 'prabhatdivekar@gmail.com', 0, 'M'),
('141080058', 'PARTH', 'RAJENDRA', 'CHOPADE', '', 'B.Tech', 'First Year', 'Electronics and Telecommunications', '1995-09-22', 187, 4, 'I', 'NT', '42-Panchvati, Paresh Complex, Pune', 'Pune', 'Maharashtra', '9876543210', '9638527410', 'prabhatdivekar@gmail.com', 0, 'M'),
('141080059', 'MAHAVIR', 'SUNIL', 'KATHED', '', 'B.Tech', 'First Year', 'Mechanical', '1995-09-23', 187, 5, 'I', 'Open', '42-Panchvati, Paresh Complex, Pune', 'Pune', 'Maharashtra', '9876543210', '9638527410', 'prabhatdivekar@gmail.com', 0, 'M'),
('141080060', 'AGNEY', 'ANANT', 'BHAKARE', '', 'B.Tech', 'First Year', 'Mechanical', '1995-09-24', 187, 6, 'I', 'OBC', '42-Panchvati, Paresh Complex, Pune', 'Pune', 'Maharashtra', '9876543210', '9638527410', 'prabhatdivekar@gmail.com', 0, 'M'),
('141080061', 'ATAMJ', 'BHOJLING', 'MORE', '', 'B.Tech', 'First Year', 'Mechanical', '1995-09-25', 187, 7, 'I', 'SC', '42-Panchvati, Paresh Complex, Pune', 'Pune', 'Maharashtra', '9876543210', '9638527410', 'prabhatdivekar@gmail.com', 0, 'M'),
('141080062', 'NIKHIL', 'ROHIDAS', 'BHAMARE', '', 'B.Tech', 'First Year', 'Mechanical', '1995-09-26', 187, 8, 'I', 'ST', '42-Panchvati, Paresh Complex, Pune', 'Pune', 'Maharashtra', '9876543210', '9638527410', 'prabhatdivekar@gmail.com', 0, 'M'),
('141080063', 'ADITYA', 'VASANT', 'WAGH', '', 'B.Tech', 'First Year', 'Mechanical', '1995-09-27', 187, 9, 'I', 'NT', '42-Panchvati, Paresh Complex, Pune', 'Pune', 'Maharashtra', '9876543210', '9638527410', 'prabhatdivekar@gmail.com', 0, 'M'),
('141080064', 'ANKET', 'SUNIL', 'TELKAPALLIWAR', '', 'B.Tech', 'First Year', 'Mechanical', '1995-09-28', 187, 10, 'I', 'NT', '42-Panchvati, Paresh Complex, Pune', 'Pune', 'Maharashtra', '9876543210', '9638527410', 'prabhatdivekar@gmail.com', 0, 'M'),
('141080065', 'MOHAMMED', 'ZAID', 'SHAIKH', '', 'B.Tech', 'First Year', 'Civil', '1995-09-29', 187, 11, 'I', 'Open', '42-Panchvati, Paresh Complex, Pune', 'Pune', 'Maharashtra', '9876543210', '9638527410', 'prabhatdivekar@gmail.com', 0, 'M'),
('141080066', 'DEVESH', 'RAMCHANDRA', 'PATIL', '', 'B.Tech', 'First Year', 'Civil', '1995-09-30', 187, 12, 'I', 'OBC', '42-Panchvati, Paresh Complex, Pune', 'Pune', 'Maharashtra', '9876543210', '9638527410', 'prabhatdivekar@gmail.com', 0, 'M'),
('141080067', 'AKSHAY', 'ARUNRAO', 'SHINDE', '', 'B.Tech', 'First Year', 'Civil', '1995-10-01', 187, 55, 'I', 'Open', '42-Panchvati, Paresh Complex, Pune', 'Pune', 'Maharashtra', '9876543210', '9638527410', 'prabhatdivekar@gmail.com', 0, 'M'),
('141080068', 'KEDAR', 'AMBADAS', 'SHELKE', '', 'B.Tech', 'First Year', 'Civil', '1995-10-02', 187, 56, 'I', 'OBC', '42-Panchvati, Paresh Complex, Pune', 'Pune', 'Maharashtra', '9876543210', '9638527410', 'prabhatdivekar@gmail.com', 0, 'M'),
('141080069', 'PRATHAMESH', 'U.', 'ASHTANKAR', '', 'B.Tech', 'First Year', 'Civil', '1995-10-03', 187, 57, 'I', 'OBC', '42-Panchvati, Paresh Complex, Pune', 'Pune', 'Maharashtra', '9876543210', '9638527410', 'prabhatdivekar@gmail.com', 0, 'M'),
('141080070', 'KARAN', 'MANOJ', 'NAWALE', '', 'B.Tech', 'First Year', 'Civil', '1995-10-04', 187, 58, 'I', 'SC', '42-Panchvati, Paresh Complex, Pune', 'Pune', 'Maharashtra', '9876543210', '9638527410', 'prabhatdivekar@gmail.com', 0, 'M'),
('141080071', 'SOURABH', 'ANIL', 'NARKHEDKAR', '', 'B.Tech', 'First Year', 'Civil', '1995-10-05', 187, 59, 'I', 'SBC', '42-Panchvati, Paresh Complex, Pune', 'Pune', 'Maharashtra', '9876543210', '9638527410', 'prabhatdivekar@gmail.com', 0, 'M'),
('141080072', 'SUDARSHAN', 'NIVRUTIRAO', 'GUTTE', '', 'B.Tech', 'First Year', 'Civil', '1995-10-06', 187, 60, 'I', 'NT', '42-Panchvati, Paresh Complex, Pune', 'Pune', 'Maharashtra', '9876543210', '9638527410', 'prabhatdivekar@gmail.com', 0, 'M'),
('141080073', 'DHANANJAY', 'UTTAM', 'GADE', '', 'Diploma', 'First Year', 'Textile', '1995-10-07', NULL, NULL, 'I', 'OBC', '42-Panchvati, Paresh Complex, Pune', 'Pune', 'Maharashtra', '9876543210', '9638527410', 'prabhatdivekar@gmail.com', 0, 'M'),
('141080074', 'AMRESH', 'SANJAY', 'PATIL', '', 'Diploma', 'First Year', 'Textile', '1995-10-08', NULL, NULL, 'I', 'Open', '42-Panchvati, Paresh Complex, Pune', 'Pune', 'Maharashtra', '9876543210', '9638527410', 'prabhatdivekar@gmail.com', 0, 'M'),
('141080075', 'KIRAN', 'PRAKASH', 'PALHAL', '', 'Diploma', 'First Year', 'Textile', '1995-10-09', NULL, NULL, 'I', 'NT', '42-Panchvati, Paresh Complex, Pune', 'Pune', 'Maharashtra', '9876543210', '9638527410', 'prabhatdivekar@gmail.com', 0, 'M'),
('141080076', 'MAHENDRA', 'JAGAN', 'SONARE', '', 'Diploma', 'First Year', 'Civil', '1995-10-10', NULL, NULL, 'I', 'OBC', 'Neelkanth Bunglow, Durga Killa, Raigad', 'Raigad', 'Maharashtra', '9876543210', '9638527410', 'prabhatdivekar@gmail.com', 0, 'M'),
('141080077', 'SUMIT', 'DEEPAK', 'KALYANKAR', '', 'Diploma', 'First Year', 'Civil', '1995-10-11', NULL, NULL, 'I', 'OBC', 'Neelkanth Bunglow, Durga Killa, Raigad', 'Raigad', 'Maharashtra', '9876543210', '9638527410', 'prabhatdivekar@gmail.com', 0, 'M'),
('141080078', 'GOVIND', 'LAXMAN', 'VIRKAR', '', 'Diploma', 'First Year', 'Civil', '1995-10-12', NULL, NULL, 'I', 'NT', 'Neelkanth Bunglow, Durga Killa, Raigad', 'Raigad', 'Maharashtra', '9876543210', '9638527410', 'prabhatdivekar@gmail.com', 0, 'M'),
('141080079', 'GAURAV', 'KRISHNA', 'BHIRUD', '', 'Diploma', 'First Year', 'Electrical', '1995-10-13', NULL, NULL, 'I', 'OBC', 'Neelkanth Bunglow, Durga Killa, Raigad', 'Raigad', 'Maharashtra', '9876543210', '9638527410', 'prabhatdivekar@gmail.com', 0, 'M'),
('141080080', 'ROHAN', 'PRAKASH', 'DAGADE', '', 'Diploma', 'First Year', 'Electrical', '1995-10-14', NULL, NULL, 'I', 'NT', 'Neelkanth Bunglow, Durga Killa, Raigad', 'Raigad', 'Maharashtra', '9876543210', '9638527410', 'prabhatdivekar@gmail.com', 0, 'M'),
('141080081', 'PRATIK', 'VILAS', 'BHURBHURE', '', 'Diploma', 'First Year', 'Mechanical', '1995-10-15', NULL, NULL, 'I', 'ST', 'Neelkanth Bunglow, Durga Killa, Raigad', 'Raigad', 'Maharashtra', '9876543210', '9638527410', 'prabhatdivekar@gmail.com', 0, 'M'),
('141080082', 'PRASAD', 'DILIP', 'KANK', '', 'Diploma', 'First Year', 'Electrical', '1995-10-16', NULL, NULL, 'I', 'Open', 'Neelkanth Bunglow, Durga Killa, Raigad', 'Raigad', 'Maharashtra', '9876543210', '9638527410', 'prabhatdivekar@gmail.com', 0, 'M'),
('141080083', 'SAURABH', 'PRAMOD', 'WANI', '', 'Diploma', 'First Year', 'Electrical', '1995-10-17', NULL, NULL, 'I', 'OBC', 'Neelkanth Bunglow, Durga Killa, Raigad', 'Raigad', 'Maharashtra', '9876543210', '9638527410', 'prabhatdivekar@gmail.com', 0, 'M'),
('141080084', 'SUMIT', 'YASHWANT', 'KADAM', '', 'Diploma', 'First Year', 'Mechanical', '1995-10-18', NULL, NULL, 'I', 'Open', 'Neelkanth Bunglow, Durga Killa, Raigad', 'Raigad', 'Maharashtra', '9876543210', '9638527410', 'prabhatdivekar@gmail.com', 0, 'M'),
('141080085', 'NISHANT', 'DHANANJAY', 'PATIL', '', 'Diploma', 'First Year', 'Mechanical', '1995-10-19', NULL, NULL, 'I', 'OBC', 'Neelkanth Bunglow, Durga Killa, Raigad', 'Raigad', 'Maharashtra', '9876543210', '9638527410', 'prabhatdivekar@gmail.com', 0, 'M'),
('141080086', 'BHOOSHAN', 'VILAS', 'KAMBLE', '', 'Diploma', 'First Year', 'Mechanical', '1995-10-20', NULL, NULL, 'I', 'SC', 'Neelkanth Bunglow, Durga Killa, Raigad', 'Raigad', 'Maharashtra', '9876543210', '9638527410', 'prabhatdivekar@gmail.com', 0, 'M'),
('141080087', 'GIRISH', 'BHARATRAJ', 'KULKARNI', '', 'B.Tech', 'First Year', 'Production', '1995-10-21', 187, 100, 'I', 'Open', 'Neelkanth Bunglow, Durga Killa, Raigad', 'Raigad', 'Maharashtra', '9876543210', '9638527410', 'prabhatdivekar@gmail.com', 0, 'M'),
('141080088', 'GAURAV', 'SANJAY', 'MUGDE', '', 'B.Tech', 'First Year', 'Production', '1995-10-22', 187, 99, 'I', 'Open', 'Neelkanth Bunglow, Durga Killa, Raigad', 'Raigad', 'Maharashtra', '9876543210', '9638527410', 'prabhatdivekar@gmail.com', 0, 'M'),
('141080089', 'ADITYA', '', 'DUTTA', '', 'B.Tech', 'First Year', 'Production', '1995-10-23', 187, 98, 'I', 'Open', 'Neelkanth Bunglow, Durga Killa, Raigad', 'Raigad', 'Maharashtra', '9876543210', '9638527410', 'prabhatdivekar@gmail.com', 0, 'M'),
('141080090', 'MAYUR', 'DATTATRAY', 'SHINDE', '', 'B.Tech', 'First Year', 'Production', '1995-10-24', 187, 97, 'I', 'Open', 'Neelkanth Bunglow, Durga Killa, Raigad', 'Raigad', 'Maharashtra', '9876543210', '9638527410', 'prabhatdivekar@gmail.com', 0, 'M'),
('141080091', 'ADITYA', 'SUDHIR', 'GHATE', '', 'B.Tech', 'First Year', 'Production', '1995-10-25', 187, 96, 'I', 'SBC', 'Neelkanth Bunglow, Durga Killa, Raigad', 'Raigad', 'Maharashtra', '9876543210', '9638527410', 'prabhatdivekar@gmail.com', 0, 'M'),
('141080092', 'AJINKYA', 'BHIMRAO', 'KOLEKAR', '', 'B.Tech', 'First Year', 'Production', '1995-10-26', 187, 95, 'I', 'NT', 'Neelkanth Bunglow, Durga Killa, Raigad', 'Raigad', 'Maharashtra', '9876543210', '9638527410', 'prabhatdivekar@gmail.com', 0, 'M'),
('141080093', 'MAYUR', 'BALAJI', 'MARAKWAD', '', 'B.Tech', 'First Year', 'Production', '1995-10-27', 187, 94, 'I', 'ST', 'Neelkanth Bunglow, Durga Killa, Raigad', 'Raigad', 'Maharashtra', '9876543210', '9638527410', 'prabhatdivekar@gmail.com', 0, 'M'),
('141080094', 'PRANIT', 'RAJESH', 'TAPADIA', '', 'B.Tech', 'First Year', 'Textile', '1995-10-28', 187, 93, 'I', 'Open', 'Neelkanth Bunglow, Durga Killa, Raigad', 'Raigad', 'Maharashtra', '9876543210', '9638527410', 'prabhatdivekar@gmail.com', 0, 'M'),
('141080095', 'SHUBHAM', 'RAMESH', 'MAHAJAN', '', 'B.Tech', 'First Year', 'Textile', '1995-10-29', 187, 92, 'I', 'OBC', 'Neelkanth Bunglow, Durga Killa, Raigad', 'Raigad', 'Maharashtra', '9876543210', '9638527410', 'prabhatdivekar@gmail.com', 0, 'M'),
('141080096', 'TUSHAR', 'SOHAN', 'RAKADE', '', 'B.Tech', 'First Year', 'Textile', '1995-10-30', 187, 91, 'I', 'OBC', 'Neelkanth Bunglow, Durga Killa, Raigad', 'Raigad', 'Maharashtra', '9876543210', '9638527410', 'prabhatdivekar@gmail.com', 0, 'M'),
('141080097', 'MALHAR', 'MAHENDRA', 'SAVALE', '', 'B.Tech', 'First Year', 'Textile', '1995-10-31', 187, 90, 'I', 'SC', 'Neelkanth Bunglow, Durga Killa, Raigad', 'Raigad', 'Maharashtra', '9876543210', '9638527410', 'prabhatdivekar@gmail.com', 0, 'M'),
('141080098', 'HOSHANG', 'DEEPAK', 'KHANDARE', '', 'B.Tech', 'First Year', 'Textile', '1995-11-01', 187, 89, 'I', 'SC', 'Neelkanth Bunglow, Durga Killa, Raigad', 'Raigad', 'Maharashtra', '9876543210', '9638527410', 'prabhatdivekar@gmail.com', 0, 'M'),
('141080099', 'YOGESH', 'BALAJI', 'PANTOJI', '', 'B.Tech', 'First Year', 'Textile', '1995-11-02', 187, 88, 'I', 'ST', 'Neelkanth Bunglow, Durga Killa, Raigad', 'Raigad', 'Maharashtra', '9876543210', '9638527410', 'prabhatdivekar@gmail.com', 0, 'M'),
('141080100', 'DEVENDRASING', 'JAGATSING', 'RAJPUT', '', 'B.Tech', 'First Year', 'Textile', '1995-11-03', 187, 87, 'I', 'VJ', 'Neelkanth Bunglow, Durga Killa, Raigad', 'Raigad', 'Maharashtra', '9876543210', '9638527410', 'prabhatdivekar@gmail.com', 0, 'M'),
('141080101', 'CHETAN', 'MILAPCHAND', 'JOGAD', '', 'B.Tech', 'First Year', 'Textile', '1995-11-04', 187, 86, 'I', 'Open', 'Neelkanth Bunglow, Durga Killa, Raigad', 'Raigad', 'Maharashtra', '9876543210', '9638527410', 'prabhatdivekar@gmail.com', 0, 'M'),
('141080102', 'SAGAR', 'RAJENDRA', 'NAVALE', '', 'B.Tech', 'First Year', 'Electronics and Telecommunications', '1995-11-05', 187, 85, 'I', 'OBC', 'Neelkanth Bunglow, Durga Killa, Raigad', 'Raigad', 'Maharashtra', '9876543210', '9638527410', 'prabhatdivekar@gmail.com', 0, 'M'),
('141080103', 'SHUBHAM', 'RAMESH', 'HANGARGE', '', 'B.Tech', 'First Year', 'Civil', '1995-11-06', 187, 84, 'I', 'Open', 'Neelkanth Bunglow, Durga Killa, Raigad', 'Raigad', 'Maharashtra', '9876543210', '9638527410', 'prabhatdivekar@gmail.com', 0, 'M'),
('141080104', 'AMEY', 'RAJENDRA', 'LIMAYE', '', 'B.Tech', 'First Year', 'Production', '1995-11-07', 187, 83, 'I', 'Open', 'Neelkanth Bunglow, Durga Killa, Raigad', 'Raigad', 'Maharashtra', '9876543210', '9638527410', 'prabhatdivekar@gmail.com', 0, 'M'),
('141080105', 'ROHIT', 'PRABHAKAR', 'KAWALE', '', 'B.Tech', 'First Year', 'Computers', '1995-11-08', 187, 82, 'I', 'Open', 'Neelkanth Bunglow, Durga Killa, Raigad', 'Raigad', 'Maharashtra', '9876543210', '9638527410', 'prabhatdivekar@gmail.com', 0, 'M'),
('141080106', 'ANIMESH', 'SAVENDRA', 'CHAUDHARY', '', 'B.Tech', 'First Year', 'Computers', '1995-11-09', 187, 81, 'I', 'SC', 'Neelkanth Bunglow, Durga Killa, Raigad', 'Raigad', 'Maharashtra', '9876543210', '9638527410', 'prabhatdivekar@gmail.com', 0, 'M'),
('141080107', 'VIKAS', 'KAILAS', 'KHAIRNAR', '', 'B.Tech', 'First Year', 'Computers', '1995-11-10', 187, 80, 'I', 'ST', 'Neelkanth Bunglow, Durga Killa, Raigad', 'Raigad', 'Maharashtra', '9876543210', '9638527410', 'prabhatdivekar@gmail.com', 0, 'M'),
('141080108', 'SIDDHARTH', 'KETAN', 'NAGDA', '', 'B.Tech', 'First Year', 'Computers', '1995-11-11', 187, 79, 'I', 'Open', 'Neelkanth Bunglow, Durga Killa, Raigad', 'Raigad', 'Maharashtra', '9876543210', '9638527410', 'prabhatdivekar@gmail.com', 0, 'M'),
('141080109', 'PRANAV', 'SURESH', 'GUPTA', '', 'B.Tech', 'First Year', 'Information Technology', '1995-11-12', 187, 78, 'I', 'OBC', 'Neelkanth Bunglow, Durga Killa, Raigad', 'Raigad', 'Maharashtra', '9876543210', '9638527410', 'prabhatdivekar@gmail.com', 0, 'M'),
('141080110', 'AMIT', 'KOHINOOR', 'KHARWANDIKAR', '', 'B.Tech', 'First Year', 'Electrical', '1995-11-13', 187, 77, 'I', 'Open', 'Neelkanth Bunglow, Durga Killa, Raigad', 'Raigad', 'Maharashtra', '9876543210', '9638527410', 'prabhatdivekar@gmail.com', 0, 'M'),
('141080111', 'AYUSH', 'SUNIL', 'LOKHANDE', '', 'B.Tech', 'First Year', 'Electrical', '1995-11-14', 187, 76, 'I', 'OBC', 'Neelkanth Bunglow, Durga Killa, Raigad', 'Raigad', 'Maharashtra', '9876543210', '9638527410', 'prabhatdivekar@gmail.com', 0, 'M'),
('141080112', 'JAY', 'HARESH', 'SANGTANI', '', 'B.Tech', 'First Year', 'Electronics', '1995-11-15', 187, 75, 'I', 'Open', 'Neelkanth Bunglow, Durga Killa, Raigad', 'Raigad', 'Maharashtra', '9876543210', '9638527410', 'prabhatdivekar@gmail.com', 0, 'M'),
('141080113', 'SATYANARAYAN', 'SHIVSHANKAR', 'PANDE', '', 'B.Tech', 'First Year', 'Electronics', '1995-11-16', 187, 74, 'I', 'Open', 'Neelkanth Bunglow, Durga Killa, Raigad', 'Raigad', 'Maharashtra', '9876543210', '9638527410', 'prabhatdivekar@gmail.com', 0, 'M'),
('141080114', 'JAYESH', 'RAJESH', 'GANDHARE', '', 'B.Tech', 'First Year', 'Electronics and Telecommunications', '1995-11-17', 187, 73, 'I', 'OBC', 'Neelkanth Bunglow, Durga Killa, Raigad', 'Raigad', 'Maharashtra', '9876543210', '9638527410', 'prabhatdivekar@gmail.com', 0, 'M'),
('141080115', 'VAIBHAV', 'FANINDRA', 'MAHAJAN', '', 'B.Tech', 'First Year', 'Electronics and Telecommunications', '1995-11-18', 187, 72, 'I', 'OBC', 'Neelkanth Bunglow, Durga Killa, Raigad', 'Raigad', 'Maharashtra', '9876543210', '9638527410', 'prabhatdivekar@gmail.com', 0, 'M'),
('141080116', 'AYUT', 'SHISHIR', 'POREDDIWAR', '', 'B.Tech', 'First Year', 'Electronics and Telecommunications', '1995-11-19', 187, 71, 'I', 'OBC', 'Neelkanth Bunglow, Durga Killa, Raigad', 'Raigad', 'Maharashtra', '9876543210', '9638527410', 'prabhatdivekar@gmail.com', 0, 'M'),
('141080117', 'ANIKET', 'RAJENDRA', 'PATIL', '', 'B.Tech', 'First Year', 'Electronics and Telecommunications', '1995-11-20', 187, 70, 'I', 'OBC', 'Neelkanth Bunglow, Durga Killa, Raigad', 'Raigad', 'Maharashtra', '9876543210', '9638527410', 'prabhatdivekar@gmail.com', 0, 'M'),
('141080118', 'GOPAL', 'SHIVHARI', 'CHATARKAR', '', 'B.Tech', 'First Year', 'Mechanical', '1995-11-21', 187, 69, 'I', 'OBC', 'Neelkanth Bunglow, Durga Killa, Raigad', 'Raigad', 'Maharashtra', '9876543210', '9638527410', 'prabhatdivekar@gmail.com', 0, 'M'),
('141080119', 'AKSHAY', 'PRASHANT', 'KORPE', '', 'B.Tech', 'First Year', 'Mechanical', '1995-11-22', 187, 68, 'I', 'OBC', 'Neelkanth Bunglow, Durga Killa, Raigad', 'Raigad', 'Maharashtra', '9876543210', '9638527410', 'prabhatdivekar@gmail.com', -1, 'M'),
('141080120', 'AMOL', 'HIRALAL', 'KHANDAIT', '', 'B.Tech', 'First Year', 'Mechanical', '1995-11-23', 187, 67, 'I', 'OBC', 'Neelkanth Bunglow, Durga Killa, Raigad', 'Raigad', 'Maharashtra', '9876543210', '9638527410', 'prabhatdivekar@gmail.com', 0, 'M'),
('141080121', 'BHUPESH', 'NARENDRA', 'WANKAR', '', 'B.Tech', 'First Year', 'Mechanical', '1995-11-24', 187, 66, 'I', 'OBC', 'Neelkanth Bunglow, Durga Killa, Raigad', 'Raigad', 'Maharashtra', '9876543210', '9638527410', 'prabhatdivekar@gmail.com', -1, 'M'),
('141080122', 'PAVAN', 'JAGDISH', 'SATAO', '', 'B.Tech', 'First Year', 'Mechanical', '1995-11-25', 187, 65, 'I', 'OBC', 'Neelkanth Bunglow, Durga Killa, Raigad', 'Raigad', 'Maharashtra', '9876543210', '9638527410', 'prabhatdivekar@gmail.com', 0, 'M'),
('141080123', 'KSHITIJ', '', 'ANAND', '', 'B.Tech', 'First Year', 'Civil', '1995-11-26', 187, 64, 'I', 'Open', 'Neelkanth Bunglow, Durga Killa, Raigad', 'Raigad', 'Maharashtra', '9876543210', '9638527410', 'prabhatdivekar@gmail.com', -1, 'M'),
('141080124', 'ABHISHEK', 'DEVIPRASAD', 'PANDE', '', 'B.Tech', 'First Year', 'Civil', '1995-11-27', 187, 63, 'I', 'Open', 'Neelkanth Bunglow, Durga Killa, Raigad', 'Raigad', 'Maharashtra', '9876543210', '9638527410', 'prabhatdivekar@gmail.com', 0, 'M'),
('141080125', 'AKSHAY', '', 'WADETTIWAR', '', 'B.Tech', 'First Year', 'Civil', '1995-11-28', 187, 62, 'I', 'OBC', 'Neelkanth Bunglow, Durga Killa, Raigad', 'Raigad', 'Maharashtra', '9876543210', '9638527410', 'prabhatdivekar@gmail.com', 0, 'M'),
('141080126', 'RAVI', 'RAJENDRA', 'MAJKURI', '', 'B.Tech', 'First Year', 'Civil', '1995-11-29', 187, 61, 'I', 'ST', 'Neelkanth Bunglow, Durga Killa, Raigad', 'Raigad', 'Maharashtra', '9876543210', '9638527410', 'prabhatdivekar@gmail.com', 0, 'M'),
('141080127', 'ANANT', 'DILIP', 'KALAMKAR', '', 'B.Tech', 'First Year', 'Production', '1995-11-30', 187, 101, 'I', 'OBC', 'Neelkanth Bunglow, Durga Killa, Raigad', 'Raigad', 'Maharashtra', '9876543210', '9638527410', 'prabhatdivekar@gmail.com', 0, 'M'),
('141080128', 'VEDANT', 'GUNDERAO', 'NAIK', '', 'B.Tech', 'First Year', 'Production', '1995-12-01', 187, 102, 'I', 'SC', 'Neelkanth Bunglow, Durga Killa, Raigad', 'Raigad', 'Maharashtra', '9876543210', '9638527410', 'prabhatdivekar@gmail.com', 0, 'M'),
('141080129', 'ADITYA', 'GANGAKISHAN', 'KUNTURWAR', '', 'B.Tech', 'First Year', 'Production', '1995-12-02', 187, 103, 'I', 'OBC', 'Neelkanth Bunglow, Durga Killa, Raigad', 'Raigad', 'Maharashtra', '9876543210', '9638527410', 'prabhatdivekar@gmail.com', 0, 'M'),
('141080130', 'AKSHAY', 'RAMCHANDRA', 'GHODAKE', '', 'B.Tech', 'First Year', 'Production', '1995-12-03', 187, 104, 'I', 'SC', 'Neelkanth Bunglow, Durga Killa, Raigad', 'Raigad', 'Maharashtra', '9876543210', '9638527410', 'prabhatdivekar@gmail.com', 0, 'M'),
('141080131', 'MOHSIN', 'SHABIR', 'BHAT', '', 'B.Tech', 'First Year', 'Computers', '1995-12-04', 187, 105, 'I', 'Open', 'Neelkanth Bunglow, Durga Killa, Raigad', 'Raigad', 'Maharashtra', '9876543210', '9638527410', 'prabhatdivekar@gmail.com', 0, 'M');

-- --------------------------------------------------------

--
-- Table structure for table `vacancylist`
--

CREATE TABLE IF NOT EXISTS `vacancylist` (
  `No of seats` int(11) NOT NULL,
  `Vacancy` int(11) NOT NULL,
  `Year` int(11) NOT NULL,
  PRIMARY KEY (`Year`)
) ENGINE=InnoDB DEFAULT CHARSET=utf8;

--
-- Dumping data for table `vacancylist`
--

INSERT INTO `vacancylist` (`No of seats`, `Vacancy`, `Year`) VALUES
(108, 21, 2),
(108, 32, 3),
(108, 15, 4);

-- --------------------------------------------------------

--
-- Table structure for table `visitorslog`
--

CREATE TABLE IF NOT EXISTS `visitorslog` (
  `VisitorRegistrationID` varchar(10) NOT NULL,
  `FirstName` varchar(25) NOT NULL,
  `LastName` varchar(25) NOT NULL,
  `Purpose` varchar(50) NOT NULL,
  `RoomNo` varchar(5) NOT NULL,
  `HostelBlock` varchar(2) NOT NULL,
  `PersonToMeet` varchar(25) DEFAULT NULL,
  `Date` varchar(10) NOT NULL,
  `Type` varchar(8) NOT NULL,
  KEY `VisitorRegistrationID` (`VisitorRegistrationID`)
) ENGINE=InnoDB DEFAULT CHARSET=utf8;

--
-- Dumping data for table `visitorslog`
--

INSERT INTO `visitorslog` (`VisitorRegistrationID`, `FirstName`, `LastName`, `Purpose`, `RoomNo`, `HostelBlock`, `PersonToMeet`, `Date`, `Type`) VALUES
('131080050', 'Jay', 'Doshi', 'Kill', '123', 'A', '131081049', '2015-04-05', 'student');

-- --------------------------------------------------------

--
-- Table structure for table `workdone`
--

CREATE TABLE IF NOT EXISTS `workdone` (
  `WorkID` int(11) NOT NULL AUTO_INCREMENT,
  `ID` int(11) NOT NULL COMMENT 'id of worker who does the work ',
  `DateofWorkDone` date NOT NULL,
  `RoomNumber` varchar(22) NOT NULL,
  `Completestatus` varchar(22) NOT NULL DEFAULT 'Incomplete',
  `WorkType` varchar(22) NOT NULL,
  `WorkDetails` varchar(22) NOT NULL,
  PRIMARY KEY (`WorkID`)
) ENGINE=InnoDB  DEFAULT CHARSET=latin1 AUTO_INCREMENT=22 ;

--
-- Dumping data for table `workdone`
--

INSERT INTO `workdone` (`WorkID`, `ID`, `DateofWorkDone`, `RoomNumber`, `Completestatus`, `WorkType`, `WorkDetails`) VALUES
(1, 2, '2015-05-10', 'c-13', 'Complete', 'plumbing', 'tap'),
(2, 2, '2015-05-10', 'c-12', 'Complete', 'carpentry', 'woek'),
(3, 0, '2015-05-07', 'c-12', 'Incomplete', 'Carpentry', 'fan'),
(4, 3, '2015-05-07', 'c-22', 'Complete', 'Electrical', 'hall'),
(5, 3, '2015-05-07', 'c-22', 'Incomplete', 'Plumbing', 'tap prblem'),
(6, 5, '2015-05-07', 'c-55', 'Complete', 'Electrical', 'lidght'),
(7, 3, '2015-05-07', 'c-55', 'Incomplete', 'Plumbing', 'jay '),
(8, 0, '2015-05-07', 'c-8', 'Incomplete', 'Carpentry', 'okai'),
(9, 0, '2015-05-07', 'c-66', 'Incomplete', 'Plumbing', 'dd'),
(10, 0, '2015-05-07', 'c-66', 'Incomplete', 'Plumbing', 'dd'),
(11, 0, '2015-05-07', 'c-99', 'Incomplete', 'Carpentry', 'hall fan'),
(12, 0, '2015-05-07', 'c-22', 'Incomplete', 'Carpentry', 'xx'),
(13, 0, '2015-05-07', 's-55', 'Incomplete', 'Plumbing', 'ss'),
(14, 0, '2015-05-07', 'c-55', 'Complete', 'Plumbing', 'nn'),
(15, 0, '2015-05-07', 'c-55', 'Incomplete', 'Plumbing', 'nn'),
(16, 1, '2015-05-07', 'c-22', 'Incomplete', 'Plumbing', 'hello hello'),
(17, 1, '2015-05-07', 'c-22', 'Incomplete', 'Plumbing', 'hello hello'),
(18, 1, '2015-05-07', 'c-22', 'Complete', 'Plumbing', 'hello hello'),
(19, 1, '2015-05-08', 's-8', 'Complete', 'Plumbing', 'juhi'),
(20, 1, '2015-05-08', 's-8', 'Incomplete', 'Plumbing', 'juhi'),
(21, 1, '2015-05-08', 'c-9', 'Incomplete', 'Plumbing', 'message');

-- --------------------------------------------------------

--
-- Table structure for table `worker`
--

CREATE TABLE IF NOT EXISTS `worker` (
  `ID` int(11) NOT NULL AUTO_INCREMENT,
  `Name` varchar(255) NOT NULL,
  `Type` varchar(50) NOT NULL,
  `PhoneNo` text NOT NULL,
  `PendingMoney` int(11) DEFAULT '0',
  PRIMARY KEY (`ID`)
) ENGINE=InnoDB  DEFAULT CHARSET=utf8 AUTO_INCREMENT=4 ;

--
-- Dumping data for table `worker`
--

INSERT INTO `worker` (`ID`, `Name`, `Type`, `PhoneNo`, `PendingMoney`) VALUES
(1, 'Jay', 'electrician', '9745631155', 0),
(2, 'Haresh', 'plumber', '987456110', 0),
(3, 'Nimesh', 'carpenter', '7412589630', 0);

--
-- Constraints for dumped tables
--

--
-- Constraints for table `visitorslog`
--
ALTER TABLE `visitorslog`
  ADD CONSTRAINT `visitorslog_ibfk_1` FOREIGN KEY (`VisitorRegistrationID`) REFERENCES `logindet` (`ID`);

/*!40101 SET CHARACTER_SET_CLIENT=@OLD_CHARACTER_SET_CLIENT */;
/*!40101 SET CHARACTER_SET_RESULTS=@OLD_CHARACTER_SET_RESULTS */;
/*!40101 SET COLLATION_CONNECTION=@OLD_COLLATION_CONNECTION */;
